Sourcekey,EMA_EPD2_PRT_NUS_DPG,EMA_EPD2_PRT_R10_DPG,EMA_EPD2_PRT_R1X_DPG,EMA_EPD2_PRT_SCT_DPG,EMA_EPD2_PRT_SME_DPG,EMA_EPD2_PRT_SMA_DPG,EMA_EPD2_PRT_SNH_DPG,EMA_EPD2_PRT_SRI_DPG,EMA_EPD2_PRT_SVT_DPG,EMA_EPD2_PRT_R1Y_DPG,EMA_EPD2_PRT_SDE_DPG,EMA_EPD2_PRT_SDC_DPG,EMA_EPD2_PRT_SMD_DPG,EMA_EPD2_PRT_SNJ_DPG,EMA_EPD2_PRT_SNY_DPG,EMA_EPD2_PRT_SPA_DPG,EMA_EPD2_PRT_R1Z_DPG,EMA_EPD2_PRT_SVA_DPG,EMA_EPD2_PRT_SWV_DPG,EMA_EPD2_PRT_R20_DPG,EMA_EPD2_PRT_SIL_DPG,EMA_EPD2_PRT_SIN_DPG,EMA_EPD2_PRT_SMI_DPG,EMA_EPD2_PRT_SMN_DPG,EMA_EPD2_PRT_SOH_DPG,EMA_EPD2_PRT_SWI_DPG,EMA_EPD2_PRT_R30_DPG,EMA_EPD2_PRT_R40_DPG,EMA_EPD2_PRT_SID_DPG,EMA_EPD2_PRT_R50_DPG,EMA_EPD2_PRT_SAK_DPG,EMA_EPD2_PRT_SOR_DPG,EMA_EPD2_PRT_SWA_DPG,
Jan-1983,1.15,1.165,1.167,1.195,1.09,1.163,1.116,1.162,1.215,1.172,1.105,1.228,1.154,1.157,1.206,1.137,1.132,1.16,1.056,1.074,1.038,1.057,1.106,1.078,1.079,1.085,0.889,1.018,1.091,1.151,1.146,1.136,1.177,
Feb-1983,1.116,1.128,1.129,1.158,1.037,1.132,1.055,1.122,1.169,1.136,1.082,1.197,1.126,1.104,1.176,1.096,1.094,1.12,1.047,1.036,0.995,1.028,1.085,1.016,1.044,1.045,0.993,1.001,1.048,1.113,,1.078,1.143,
Mar-1983,1.051,1.064,1.056,1.083,0.974,1.054,1.008,1.068,1.096,1.071,1.039,1.153,1.082,1.046,1.102,1.04,1.052,1.069,0.992,0.975,0.966,0.957,1.037,0.965,0.982,0.968,0.937,0.913,0.996,1.067,1.107,1.014,1.09,
Apr-1983,1.035,1.048,1.042,1.045,0.995,1.044,1.009,1.088,1.106,1.051,1.03,1.131,1.079,1.044,1.069,1.018,1.053,1.067,0.975,0.981,0.977,0.968,1.025,1.005,0.958,0.971,,0.9,0.99,1.025,1.066,0.991,1.06,
May-1983,1.048,1.06,1.06,1.059,1.016,1.07,1.026,1.096,1.112,1.063,1.046,1.129,1.086,1.055,1.082,1.033,1.051,1.072,0.961,0.993,1.003,0.982,1.027,1.019,0.965,0.987,0.92,0.9,0.992,1.023,1.06,0.99,1.055,
Jun-1983,1.06,1.069,1.053,1.043,1.026,1.059,1.012,1.12,1.128,1.081,1.073,1.147,1.083,1.046,1.105,1.022,1.053,1.068,0.973,1.034,1.002,0.982,1.107,1.024,0.961,0.987,0.928,0.856,0.987,1.019,1.05,0.994,1.054,
Jul-1983,1.05,1.062,1.048,1.042,1.026,1.053,1.043,1.091,1.123,1.071,1.078,1.128,1.072,1.045,1.099,1.013,1.051,1.074,0.949,1.008,0.996,0.994,1.053,1.026,0.973,0.99,0.934,0.842,0.993,1.013,1.058,0.978,1.052,
Aug-1983,1.049,1.062,1.05,1.038,1.056,1.054,1.035,1.079,1.117,1.071,1.025,1.133,1.07,1.055,1.1,1.016,1.048,1.077,0.961,0.997,1.007,0.989,1.022,1.044,0.952,0.992,0.95,0.86,0.981,1.01,1.051,0.987,1.04,
Sep-1983,1.057,1.068,1.051,1.038,1.038,1.062,1.04,1.081,1.11,1.078,1.035,1.139,1.081,1.061,1.105,1.028,1.057,1.081,1.007,1.02,1.025,1.014,1.039,1.037,1.012,1.007,0.947,0.943,0.989,1.038,1.062,1.005,1.056,
Oct-1983,1.06,1.068,1.048,1.043,1.029,1.056,1.031,1.08,1.094,1.079,1.035,1.134,1.087,1.054,1.103,1.033,1.056,1.048,1.006,1.025,1.01,1.015,1.058,1.048,1.002,1.018,0.945,0.948,0.995,1.036,1.061,1.014,1.063,
Nov-1983,1.06,1.069,1.048,1.041,1.018,1.061,1.015,1.087,1.098,1.08,1.037,1.135,1.088,1.046,1.102,1.037,1.059,1.049,1.005,1.015,1.008,1.007,1.054,1.044,1.01,1.004,0.96,0.966,0.995,1.043,1.055,1.021,1.064,
Dec-1983,1.067,1.078,1.063,1.056,1.022,1.081,1.037,1.094,1.1,1.089,1.055,1.147,1.092,1.067,1.109,1.046,1.058,1.052,1.015,1.019,0.996,1.011,1.068,1.042,1.021,1.005,0.927,0.978,1.003,1.042,1.055,1.018,1.061,
Jan-1984,1.12,1.147,1.144,1.157,1.102,1.144,1.14,1.137,1.166,1.155,1.148,1.22,1.156,1.141,1.183,1.129,1.11,1.114,1.085,1.029,1.047,1.06,1.073,1.066,1.046,1.015,1.027,0.994,1.001,1.012,1.041,1.005,1.036,
Feb-1984,1.169,1.198,1.192,1.217,1.126,1.197,1.178,1.175,1.189,1.208,1.184,1.286,1.219,1.195,1.243,1.174,1.152,1.175,1.099,1.047,1.059,1.073,1.08,1.028,1.057,1.028,1.07,,1.013,1.027,1.065,1.009,1.038,
Mar-1984,1.113,1.137,1.121,1.145,1.033,1.131,1.088,1.117,1.151,1.146,1.111,1.226,1.162,1.135,1.17,1.109,1.114,1.126,1.049,1.022,1.023,1.006,1.056,1.051,1.017,1.017,0.92,0.97,0.972,1.031,1.073,1.009,1.046,
Apr-1984,1.098,1.119,1.113,1.134,1.033,1.124,1.077,1.107,1.133,1.127,1.099,1.199,1.156,1.106,1.16,1.078,1.075,1.108,1.016,1.022,1.003,1.034,1.048,1.039,1.019,1.014,0.94,0.941,0.962,1.032,1.073,1.006,1.05,
May-1984,1.084,1.106,1.109,1.125,1.027,1.125,1.088,1.114,1.122,1.109,1.09,1.195,1.13,1.091,1.145,1.058,1.077,1.111,0.989,1.014,1.023,1.024,1.052,1.053,1.031,1.01,0.933,0.945,0.981,1.02,1.072,0.995,1.042,
Jun-1984,1.072,1.094,1.095,1.106,1.037,1.105,1.045,1.108,1.128,1.099,1.072,1.163,1.099,1.071,1.15,1.033,1.065,1.087,0.995,1.006,1.016,1.059,1.033,1.042,1.017,1.005,0.934,0.924,0.938,1.023,1.078,0.982,1.033,
Jul-1984,1.048,1.064,1.066,1.074,1.025,1.073,1.019,1.093,1.086,1.068,1.037,1.165,1.09,1.049,1.128,0.997,1.038,1.072,0.962,1.004,0.994,1.014,1.026,1.051,1.018,1.005,0.962,0.914,0.931,0.998,1.072,0.971,1.004,
Aug-1984,1.033,1.045,1.039,1.047,0.98,1.055,0.986,1.06,1.08,1.052,1.037,1.098,1.052,1.036,1.102,0.996,1.031,1.052,0.966,0.993,0.989,1.003,1.018,1.045,0.995,1,0.939,0.924,0.974,0.991,1.073,0.949,0.997,
Sep-1984,1.036,1.049,1.046,1.054,0.991,1.06,1.01,1.059,1.069,1.057,1.021,1.099,1.067,1.043,1.093,1.009,1.024,1.059,0.969,1.003,0.986,1.007,1.032,1.035,1.001,0.988,0.998,0.955,0.984,0.995,1.05,0.959,1.004,
Oct-1984,1.049,1.065,1.059,1.062,1.019,1.069,1.022,1.074,1.08,1.075,1.035,1.118,1.075,1.057,1.119,1.015,1.03,1.067,0.983,1.006,0.971,1.009,1.03,1.03,1.012,1.007,0.936,0.974,0.994,0.999,1.078,0.965,1.009,
Nov-1984,1.053,1.065,1.063,1.072,1.006,1.072,1.027,1.065,1.075,1.075,1.033,1.119,1.082,1.052,1.117,1.029,1.021,1.071,0.996,1.01,0.958,1.023,1.035,1.031,1.008,1.01,0.962,0.967,0.979,1.018,1.078,0.976,1.013,
Dec-1984,1.048,1.063,1.056,1.064,0.979,1.07,1.031,1.071,1.064,1.073,1.028,1.129,1.071,1.049,1.113,1.032,1.019,1.077,0.992,0.997,0.944,1.009,1.032,1.028,0.993,0.99,0.95,0.947,0.988,1.009,1.075,0.974,1.005,
Jan-1985,1.049,1.063,1.059,1.069,0.979,1.072,1.007,1.081,1.069,1.073,1.038,1.121,1.075,1.05,1.113,1.029,1.021,1.062,0.984,0.989,0.952,0.986,1.021,0.995,0.983,0.973,0.92,0.954,0.974,1.005,1.086,0.97,1.006,
Feb-1985,1.054,1.071,1.06,1.072,0.985,1.071,1.027,1.069,1.073,1.081,1.04,1.171,1.086,1.057,1.12,1.032,1.041,1.068,0.983,0.974,0.944,0.978,1.01,0.998,0.987,0.962,0.901,0.964,0.969,1.002,1.076,0.966,0.998,
Mar-1985,1.05,1.067,1.061,1.068,1.006,1.073,1.033,1.062,1.079,1.074,1.046,1.159,1.083,1.051,1.113,1.021,1.038,1.058,0.981,0.973,0.945,0.963,1.013,1.01,0.979,0.964,0.901,0.959,0.966,1.012,1.128,0.957,1.003,
Apr-1985,1.053,1.068,1.06,1.07,1.015,1.066,1.023,1.068,1.065,1.075,1.041,1.139,1.096,1.052,1.11,1.01,1.033,1.054,0.96,0.983,0.966,0.986,1,1.011,0.998,0.977,0.887,0.934,0.957,1.003,1.07,0.965,0.992,
May-1985,1.036,1.049,1.04,1.062,0.994,1.045,0.999,1.021,1.054,1.056,1.007,1.124,1.082,1.033,1.098,0.997,1.04,1.059,0.938,0.985,0.964,0.974,0.983,1.038,0.996,0.995,0.924,0.946,0.96,0.993,1.069,0.967,0.981,
Jun-1985,1.007,1.018,1.007,1.035,0.954,1.01,0.944,0.986,1.037,1.023,0.964,1.072,1.044,0.996,1.081,0.949,1.025,1.043,0.907,0.965,0.92,0.976,0.984,1.043,0.971,0.942,0.97,0.968,0.959,0.992,1.073,0.955,0.992,
Jul-1985,0.98,0.987,0.98,1.006,0.914,0.983,0.912,0.974,1.014,0.989,0.962,1.073,1.012,0.974,1.053,0.921,0.997,0.993,0.903,0.941,0.897,0.933,0.974,1.005,0.929,0.93,0.922,0.961,0.948,0.993,1.084,0.953,0.973,
Aug-1985,0.973,0.983,0.964,0.996,0.905,0.962,0.918,0.959,1.014,0.991,0.975,1.055,0.989,0.975,1.055,0.925,0.99,0.989,0.886,0.933,0.906,0.929,0.972,1.001,0.918,0.93,0.95,0.929,0.945,0.979,1.069,0.93,0.967,
Sep-1985,0.996,1.005,0.999,1.005,0.94,1.007,0.976,1.01,1.047,1.007,0.988,1.071,1.033,1.013,1.045,0.968,1.013,1.019,0.962,0.967,0.956,0.965,0.991,0.987,0.956,0.949,0.924,0.946,0.943,0.982,1.092,0.934,0.976,
Oct-1985,1.03,1.041,1.046,1.066,0.995,1.046,1.023,1.044,1.067,1.038,1.027,1.099,1.062,1.033,1.071,0.986,1.048,1.056,0.987,0.992,1.001,1.012,1.018,1.011,0.979,0.991,0.952,0.963,0.972,0.994,1.091,0.94,1,
Nov-1985,1.086,1.104,1.103,1.114,1.037,1.107,1.08,1.116,1.111,1.107,1.07,1.144,1.119,1.093,1.144,1.055,1.083,1.084,1.044,1.034,1.04,1.053,1.035,1.057,1.044,1.02,0.984,0.98,0.979,1.028,1.061,0.988,1.044,
Dec-1985,1.105,1.119,1.115,1.142,1.055,1.111,1.089,1.109,1.13,1.125,1.105,1.172,1.127,1.12,1.15,1.09,1.092,1.099,1.047,1.045,1.034,1.053,1.071,1.052,1.059,1.032,0.972,0.99,0.988,1.046,1.065,1.023,1.061,
Jan-1986,1.064,1.078,1.07,1.115,1.011,1.059,1.037,1.018,1.09,1.087,1.023,1.165,1.122,1.077,1.115,1.047,1.051,1.069,0.998,0.987,0.976,0.999,1.026,1.005,1.007,0.965,0.923,0.972,0.971,1.03,1.065,1.001,1.046,
Feb-1986,0.958,0.974,0.94,0.995,0.909,0.906,0.886,0.934,1.002,0.994,0.939,1.055,0.999,0.983,1.027,0.953,0.952,0.982,0.878,0.858,0.829,0.85,0.919,0.862,0.919,0.839,0.827,0.881,0.912,0.902,1.037,0.835,0.904,
Mar-1986,0.887,0.908,0.883,0.935,0.865,0.858,0.843,0.846,0.956,0.924,0.87,0.976,0.939,0.915,0.963,0.872,0.881,0.908,0.796,0.767,0.747,0.756,0.806,0.802,0.808,0.759,0.651,0.663,0.762,0.826,1.138,0.659,0.753,
Apr-1986,0.812,0.828,0.803,0.862,0.779,0.768,0.752,0.797,0.89,0.842,0.771,0.932,0.885,0.848,0.876,0.781,0.803,0.845,0.706,0.736,0.699,0.74,0.745,0.764,0.781,0.738,0.622,0.664,0.699,0.738,0.956,0.625,0.749,
May-1986,0.774,0.785,0.766,0.807,0.745,0.742,0.707,0.766,0.847,0.801,0.743,0.879,0.849,0.801,0.85,0.726,0.749,0.751,0.674,0.721,0.729,0.672,0.724,0.795,0.752,0.718,0.588,0.662,0.748,0.736,0.943,0.641,0.712,
Jun-1986,0.728,0.741,0.719,0.776,0.685,0.687,0.654,0.69,0.789,0.752,0.737,0.817,0.797,0.756,0.814,0.66,0.741,0.743,0.634,0.667,0.674,0.666,0.655,0.746,0.69,0.69,0.541,,0.669,0.67,0.89,0.6,0.653,
Jul-1986,0.67,0.678,0.655,0.685,0.594,0.656,0.633,0.692,0.708,0.693,0.655,0.747,0.714,0.758,0.723,0.636,0.668,0.695,0.539,0.628,,0.601,0.672,0.695,0.623,0.636,,0.6,0.622,0.702,,0.557,0.602,
Aug-1986,0.663,0.668,0.647,0.669,0.585,0.65,0.633,0.691,0.688,0.678,0.666,0.707,0.707,0.724,0.713,0.626,0.675,0.715,0.597,0.647,0.647,0.656,0.697,0.676,0.625,0.637,0.601,0.587,0.586,0.654,0.842,0.556,0.606,
Sep-1986,0.681,0.686,0.661,0.684,0.582,0.678,0.63,0.696,0.694,0.703,0.67,0.721,0.702,0.734,0.737,0.636,0.677,0.709,0.613,0.661,0.655,0.667,0.707,0.7,0.642,0.679,0.558,0.619,0.594,0.694,0.892,0.619,0.669,
Oct-1986,0.674,0.691,0.666,0.689,0.587,0.682,0.643,0.687,0.695,0.712,0.666,0.742,0.724,0.747,0.739,0.641,0.668,0.695,0.63,0.621,0.6,0.652,0.698,0.677,0.615,0.633,0.53,0.616,0.608,0.687,0.792,0.623,0.682,
Nov-1986,0.682,0.707,0.68,0.702,0.593,0.693,0.653,0.716,0.705,0.728,0.679,0.77,0.735,0.746,0.76,0.661,0.681,0.689,0.673,,,0.651,0.703,0.68,0.61,0.66,0.491,0.628,0.621,0.686,0.801,0.626,0.688,
Dec-1986,0.706,0.735,0.717,0.725,0.663,0.726,0.695,0.746,0.724,0.75,0.712,0.808,0.771,0.767,0.788,0.682,0.702,0.706,0.717,0.625,,0.685,0.725,0.683,0.648,0.69,0.555,0.618,0.616,0.689,0.854,0.639,0.667,
Jan-1987,0.785,0.799,0.79,0.8,0.727,0.805,0.762,0.798,0.782,0.811,0.781,0.873,0.82,0.835,0.84,0.752,0.76,0.758,0.756,0.722,0.769,0.73,0.766,0.718,0.711,0.726,0.608,0.636,0.631,0.734,0.864,0.681,0.73,
Feb-1987,0.799,0.811,0.796,0.834,0.731,0.803,0.754,0.815,0.795,0.825,0.794,0.926,0.848,0.847,0.85,0.76,0.783,0.796,0.776,0.73,0.781,0.723,0.767,0.717,0.733,0.739,0.633,0.65,0.651,0.763,0.869,0.714,0.759,
Mar-1987,0.791,0.802,0.789,0.822,0.742,0.796,0.74,0.815,0.791,0.816,0.794,0.919,0.854,0.83,0.844,0.746,0.771,0.801,0.752,0.729,0.783,0.712,0.761,0.716,0.719,0.74,0.609,0.651,0.657,0.76,0.833,0.709,0.761,
Apr-1987,0.787,0.8,0.787,0.824,0.75,0.79,0.735,0.814,0.784,0.812,0.779,0.916,0.844,0.826,0.843,0.741,0.79,0.813,0.732,0.722,0.783,0.731,0.747,0.718,0.711,0.741,0.649,0.652,0.654,0.743,0.765,0.703,0.759,
May-1987,0.786,0.802,0.793,0.828,0.749,0.799,0.747,0.808,0.798,0.812,0.784,0.91,0.837,0.82,0.849,0.732,0.79,0.796,0.748,0.717,0.801,0.758,0.751,0.724,0.709,0.716,0.66,0.667,0.652,0.734,0.782,0.695,0.74,
Jun-1987,0.778,0.788,0.78,0.816,0.741,0.786,0.744,0.795,0.799,0.794,0.748,0.923,0.858,0.821,0.835,0.708,0.774,0.778,0.742,0.74,0.805,0.759,0.761,0.727,0.75,0.743,0.634,0.692,0.7,0.726,0.846,0.676,0.742,
Jul-1987,0.787,0.795,0.784,0.822,0.745,0.787,0.743,0.805,0.808,0.797,0.747,0.902,0.872,0.824,0.827,0.726,0.785,0.785,0.742,0.754,0.799,0.767,0.771,0.755,0.765,0.735,0.633,0.704,0.705,0.736,0.875,,0.774,
Aug-1987,0.788,0.794,0.778,0.82,0.748,0.772,0.757,0.794,0.803,0.804,0.748,0.924,0.871,0.818,0.834,0.739,0.771,0.779,0.756,0.756,0.837,0.771,0.774,0.759,0.734,0.745,0.648,0.735,0.749,0.788,0.887,,0.793,
Sep-1987,0.789,0.797,0.787,0.825,0.747,0.789,0.76,0.805,0.811,0.807,0.762,0.914,0.873,0.825,0.828,0.748,0.769,0.788,0.742,0.75,0.794,0.771,0.774,0.744,0.746,0.743,0.645,0.759,0.773,0.81,0.895,0.771,0.812,
Oct-1987,0.812,0.819,0.803,0.843,0.734,0.81,0.78,0.83,0.835,0.83,0.788,0.921,0.884,0.842,0.853,0.777,0.795,0.81,0.749,0.777,0.873,0.794,0.781,0.789,0.769,0.775,0.663,0.769,0.763,0.812,0.926,0.751,0.828,
Nov-1987,0.835,0.843,0.827,0.873,0.752,0.831,0.793,0.862,0.843,0.853,0.824,0.935,0.904,0.863,0.874,0.808,0.81,0.829,0.783,0.797,0.882,0.808,0.809,0.797,0.791,0.793,0.643,0.763,0.773,0.816,0.923,0.747,0.843,
Dec-1987,0.84,0.851,0.841,0.878,0.791,0.837,0.819,0.871,0.849,0.861,0.825,0.953,0.906,0.872,0.88,0.817,0.808,0.825,0.805,0.781,0.852,0.796,0.802,0.77,0.787,0.784,0.641,0.772,0.768,0.82,0.906,0.758,0.848,
Jan-1988,0.847,0.861,0.855,0.889,0.803,0.856,0.825,0.871,0.859,0.87,0.839,0.958,0.909,0.881,0.891,0.829,0.804,0.827,0.787,0.771,0.854,0.783,0.812,0.755,0.772,0.769,0.644,0.733,0.744,0.806,0.883,0.76,0.832,
Feb-1988,0.839,0.854,0.846,0.89,0.797,0.841,0.816,0.864,0.859,0.863,0.832,0.96,0.903,0.877,0.884,0.82,0.801,0.834,0.761,0.762,0.861,0.767,0.809,0.744,0.771,0.76,0.613,0.713,0.717,0.791,0.856,0.749,0.821,
Mar-1988,0.831,0.845,0.834,0.874,0.792,0.833,0.803,0.847,0.85,0.854,0.815,0.931,0.882,0.868,0.873,0.811,0.803,0.838,0.756,0.755,0.861,0.774,0.782,0.726,0.761,0.758,0.612,0.705,0.706,0.793,0.887,0.735,0.813,
Apr-1988,0.831,0.841,0.833,0.881,0.787,0.832,0.79,0.854,0.85,0.848,0.825,0.918,0.891,0.858,0.867,0.805,0.807,0.83,0.746,0.769,0.874,0.79,0.788,0.731,0.771,0.777,0.616,0.737,0.733,0.803,0.866,0.75,0.821,
May-1988,0.819,0.83,0.826,0.876,0.776,0.823,0.783,0.851,0.844,0.835,0.825,0.939,0.879,0.854,0.849,0.791,0.8,0.817,0.736,0.751,0.867,0.766,0.775,0.743,0.745,0.768,0.624,0.726,0.719,0.797,0.889,0.746,0.823,
Jun-1988,0.791,0.802,0.802,0.864,0.754,0.783,0.793,0.814,0.838,0.807,0.809,0.897,0.868,0.825,0.835,0.746,0.771,0.791,0.718,0.734,0.829,0.801,0.737,0.735,0.719,0.746,,0.715,0.705,0.778,0.881,0.739,0.78,
Jul-1988,0.767,0.777,0.78,0.835,0.733,0.771,0.766,0.763,0.813,0.779,0.734,0.876,0.85,0.809,0.817,0.711,0.755,0.773,0.703,0.721,0.838,0.74,0.733,0.757,0.7,0.727,0.702,0.703,0.677,0.728,0.855,0.664,0.735,
Aug-1988,0.737,0.741,0.768,0.819,0.757,0.742,0.738,0.797,0.803,0.728,0.739,0.859,0.842,0.786,0.78,0.639,0.744,0.77,0.679,0.717,0.803,0.741,0.739,0.722,0.692,0.712,0.682,0.676,0.643,0.708,0.857,0.643,0.701,
Sep-1988,0.759,0.771,0.783,0.808,0.717,0.8,0.733,0.784,0.785,0.77,0.726,0.858,0.76,0.763,0.83,0.686,0.746,0.758,0.693,0.709,0.686,0.695,0.742,0.724,0.72,0.688,0.548,0.67,0.674,0.749,0.897,0.648,0.739,
Oct-1988,0.755,0.768,0.767,0.799,0.69,0.777,0.715,0.755,0.77,0.771,0.718,0.841,0.783,0.778,0.817,0.695,0.754,0.748,0.713,0.706,0.694,0.712,0.754,0.711,0.712,0.68,0.549,0.67,0.668,0.714,0.862,0.624,0.71,
Nov-1988,0.772,0.785,0.778,0.805,0.72,0.779,0.723,0.797,0.778,0.791,0.748,0.856,0.813,0.788,0.833,0.709,0.767,0.771,0.741,0.717,0.706,0.721,0.756,0.727,0.73,0.699,0.589,0.667,0.666,0.727,0.853,0.634,0.734,
Dec-1988,0.814,0.831,0.825,0.844,0.802,0.828,0.773,0.834,0.816,0.839,0.796,0.898,0.85,0.84,0.878,0.765,0.797,0.796,0.739,0.734,0.731,0.753,0.77,0.73,0.752,0.716,0.615,0.669,0.669,0.737,0.856,0.642,0.757,
Jan-1989,0.849,0.869,0.87,0.884,0.856,0.871,0.83,0.875,0.86,0.876,0.824,0.94,0.881,0.873,0.91,0.816,0.82,0.826,0.758,0.756,0.766,0.778,0.788,0.753,0.775,0.739,0.625,0.689,0.681,0.757,0.867,0.663,0.769,
Feb-1989,0.855,0.875,0.87,0.887,0.874,0.863,0.838,0.883,0.869,0.885,0.818,0.951,0.888,0.87,0.922,0.822,0.816,0.823,0.762,0.757,0.758,0.77,0.793,0.757,0.767,0.74,,0.706,0.715,0.838,0.909,0.767,0.86,
Mar-1989,0.871,0.887,0.885,0.898,0.883,0.881,0.848,0.9,0.878,0.897,0.829,0.96,0.894,0.889,0.934,0.832,0.819,0.825,0.767,0.77,0.766,0.776,0.801,0.771,0.775,0.756,,0.769,0.783,0.908,0.96,0.842,0.928,
Apr-1989,0.878,0.889,0.879,0.894,0.874,0.878,0.832,0.899,0.875,0.902,0.848,0.954,0.903,0.878,0.938,0.832,0.817,0.821,0.77,0.794,0.798,0.797,0.815,0.823,0.794,0.763,0.703,0.843,0.858,0.934,0.995,0.873,0.942,
May-1989,0.866,0.876,0.865,0.881,0.81,0.868,0.831,0.888,0.864,0.892,0.834,0.921,0.896,0.872,0.929,0.822,0.802,0.815,0.774,0.792,0.785,0.781,0.812,0.821,0.785,0.78,,0.838,0.835,0.887,1.001,0.796,0.873,
Jun-1989,0.841,0.85,0.832,0.856,0.735,0.834,0.795,0.876,0.843,0.872,0.803,0.92,0.884,0.83,0.92,0.776,0.792,0.796,0.809,0.787,0.77,0.765,0.801,0.81,0.793,0.78,,0.787,0.803,0.838,1.015,0.749,0.776,
Jul-1989,0.821,0.828,0.816,0.849,0.721,0.811,0.778,0.854,0.829,0.844,0.79,0.907,0.865,0.823,0.909,0.741,0.778,0.784,0.781,0.779,0.745,0.77,0.803,0.808,0.794,0.757,,0.766,0.773,0.842,1.058,0.711,0.747,
Aug-1989,0.815,0.822,0.809,0.846,0.7,0.811,0.782,0.841,0.82,0.836,0.788,0.901,0.857,0.801,0.901,0.726,0.789,0.779,0.736,0.776,0.784,0.765,0.791,0.794,0.781,0.754,,0.761,0.772,0.846,1.016,0.712,0.782,
Sep-1989,0.815,0.82,0.826,0.852,0.746,0.849,0.794,0.865,0.826,0.817,0.788,0.914,0.831,0.818,0.866,0.742,0.815,0.797,0.793,0.791,0.775,0.801,0.829,0.807,0.775,0.765,0.675,0.811,0.803,0.853,0.96,0.815,0.839,
Oct-1989,0.856,0.865,0.873,0.889,0.827,0.885,0.832,0.903,0.853,0.865,0.824,0.92,0.882,0.873,0.91,0.789,0.84,0.84,0.817,0.812,0.819,0.833,0.864,0.825,0.784,0.795,0.707,0.83,0.822,0.905,0.978,0.864,0.917,
Nov-1989,0.883,0.893,0.898,0.903,0.867,0.911,0.875,0.923,0.861,0.896,0.861,0.947,0.911,0.897,0.937,0.816,0.855,0.86,0.831,0.831,0.828,0.84,0.882,0.861,0.788,0.822,0.699,0.85,0.849,0.914,0.979,0.864,0.934,
Dec-1989,1.076,1.101,1.127,1.125,1.06,1.152,1.121,1.14,1.098,1.094,1.116,1.108,1.106,1.085,1.13,1.031,1.043,1.052,1,0.969,0.939,0.986,1.022,0.956,0.972,0.975,,0.859,0.845,0.911,0.981,0.861,0.931,
Jan-1990,1.14,1.18,1.185,1.2,1.161,1.17,1.185,1.225,1.215,1.188,1.194,1.19,1.198,1.173,1.222,1.137,1.119,1.178,1.092,0.959,0.949,0.998,1.035,0.997,0.96,0.916,0.845,0.874,0.858,0.937,0.965,0.887,0.96,
Feb-1990,0.965,0.989,0.977,1.008,0.854,0.998,0.962,0.985,0.987,1,0.971,0.964,1.009,0.995,1.032,0.934,0.977,1.029,0.895,0.855,0.831,0.862,0.921,0.881,0.828,0.839,0.686,0.82,0.809,0.891,0.974,0.839,0.89,
Mar-1990,0.949,0.969,0.959,0.977,0.84,0.987,0.932,0.973,0.956,0.978,0.932,0.944,0.988,0.985,1.016,0.903,0.944,0.979,0.871,0.84,0.834,0.838,0.887,0.856,0.825,0.831,0.731,0.814,0.809,0.898,1.026,0.843,0.886,
Apr-1990,0.932,0.948,0.933,0.963,0.832,0.951,0.901,0.959,0.942,0.96,0.918,0.931,0.975,0.965,1.002,0.876,0.917,0.949,0.837,0.834,0.822,0.841,0.865,0.856,0.823,0.829,,0.813,0.817,0.9,0.965,0.85,0.9,
May-1990,0.907,0.923,0.906,0.927,0.812,0.924,0.87,0.939,0.917,0.941,0.901,0.942,0.949,0.944,0.989,0.844,0.878,0.904,0.83,0.818,0.783,0.824,0.837,0.851,0.831,0.81,,0.802,0.795,0.872,0.993,0.846,0.849,
Jun-1990,0.864,0.875,0.86,0.871,0.767,0.889,0.828,0.891,0.872,0.887,0.832,0.932,0.894,0.886,0.945,0.783,0.856,0.88,0.834,0.792,0.738,0.728,0.811,0.803,0.826,0.795,,0.76,0.748,0.871,1.005,0.819,0.85,
Jul-1990,0.837,0.847,0.846,0.854,0.742,0.88,0.807,0.869,0.854,0.844,0.779,0.976,0.862,0.854,0.93,0.743,0.862,0.898,0.792,0.795,0.767,0.747,0.824,0.828,0.816,0.776,,0.72,0.705,0.804,0.935,0.793,0.762,
Aug-1990,0.988,0.995,1.013,1.041,0.977,1.023,0.992,1.023,0.974,0.983,0.931,1.071,1.002,1.021,1.023,0.925,1.003,1.024,0.981,0.96,0.969,0.98,1.003,1.014,0.933,0.92,,0.925,0.907,0.966,1.137,0.953,0.895,
Sep-1990,1.142,1.152,1.164,1.147,1.184,1.181,1.109,1.188,1.144,1.144,1.12,1.161,1.157,1.172,1.179,1.087,1.152,1.147,1.163,1.108,,1.107,1.132,1.116,1.153,1.071,1.009,1.083,1.083,1.163,1.223,1.119,1.158,
Oct-1990,1.258,1.272,1.258,1.282,1.26,1.268,1.198,1.201,1.242,1.278,1.198,1.343,1.308,1.294,1.302,1.223,1.283,1.283,1.244,1.201,1.169,1.233,1.241,1.207,1.209,1.172,1.136,1.209,1.21,1.302,1.297,1.281,1.333,
Nov-1990,1.241,1.252,1.227,1.281,1.164,1.228,1.162,1.195,1.237,1.271,1.188,1.333,1.304,1.268,1.296,1.225,1.248,1.256,1.217,1.171,1.131,1.178,1.212,1.198,1.17,1.144,1.029,1.241,1.273,1.307,1.286,1.271,1.342,
Dec-1990,1.197,1.218,1.195,1.247,1.134,1.2,1.112,1.153,1.196,1.235,1.137,1.284,1.253,1.222,1.266,1.193,1.207,1.228,1.131,1.099,1.049,1.113,1.135,1.112,1.118,1.083,0.985,1.181,1.199,1.189,1.282,1.092,1.219,
Jan-1991,1.171,1.196,1.177,1.225,1.144,1.181,1.072,1.133,1.177,1.214,1.13,1.241,1.22,1.196,1.246,1.177,1.157,1.172,1.105,1.043,1.025,1.059,1.098,1.054,1.055,1.024,0.976,1.089,1.108,1.169,1.293,1.084,1.184,
Feb-1991,1.105,1.135,1.11,1.16,1.059,1.113,1.007,1.095,1.113,1.158,1.054,1.186,1.161,1.132,1.202,1.109,1.085,1.103,1.015,0.943,0.929,0.954,0.985,0.935,0.946,0.924,0.838,0.97,0.973,1.115,1.228,1.029,1.12,
Mar-1991,1.026,1.055,1.025,1.09,0.954,1.026,0.905,1.018,1.044,1.079,0.984,1.123,1.077,1.043,1.128,1.018,1.006,1.024,0.908,0.874,0.865,0.879,0.915,0.872,0.857,0.878,0.757,0.84,0.84,0.964,1.095,0.888,0.953,
Apr-1991,0.969,0.99,0.954,1.014,0.871,0.961,0.839,0.947,0.985,1.017,0.923,1.056,1.027,0.986,1.067,0.955,0.948,0.961,0.876,0.856,0.883,0.86,0.907,0.878,0.832,0.84,0.742,0.834,0.834,0.935,1.019,0.864,0.935,
May-1991,0.925,0.939,0.903,0.965,0.819,0.917,0.794,0.897,0.935,0.968,0.915,1.011,0.987,0.944,1.012,0.899,0.914,0.907,0.858,0.848,0.885,0.863,0.881,0.881,0.831,0.829,,0.836,0.844,0.937,1.013,0.865,0.949,
Jun-1991,0.893,0.905,0.875,0.927,0.796,0.889,0.773,0.871,0.913,0.928,0.84,0.953,0.962,0.903,0.981,0.857,0.903,0.878,0.836,0.829,0.868,0.803,0.874,0.871,0.807,0.809,,0.8,0.834,0.912,0.982,0.856,0.917,
Jul-1991,0.866,0.878,0.869,0.9,0.823,0.885,0.776,0.888,0.881,0.884,0.815,0.986,0.937,0.885,0.939,0.808,0.878,0.869,0.817,0.806,0.822,0.788,0.833,0.844,0.796,0.78,,0.758,0.8,0.89,0.986,0.836,0.855,
Aug-1991,0.87,0.88,0.874,0.897,0.834,0.887,0.806,0.887,0.886,0.883,0.86,0.986,0.94,0.89,0.93,0.818,0.881,0.875,0.824,0.826,0.865,0.855,0.844,0.863,0.811,0.788,,0.816,0.846,0.925,0.968,0.873,0.926,
Sep-1991,0.897,0.91,0.899,0.92,0.873,0.909,0.842,0.903,0.919,0.92,0.873,1.017,0.968,0.922,0.987,0.834,0.892,0.904,0.848,0.84,0.873,0.855,0.868,0.84,0.848,0.827,0.752,0.851,0.874,0.921,0.924,0.908,0.935,
Oct-1991,0.94,0.957,0.94,0.963,0.913,0.949,0.878,0.949,0.939,0.973,0.928,1.04,1.001,0.969,1.033,0.888,0.927,0.936,0.897,0.869,0.884,0.867,0.895,0.868,0.887,0.857,0.729,0.87,0.876,0.926,0.913,0.891,0.952,
Nov-1991,0.98,0.997,0.969,0.998,0.951,0.975,0.901,0.958,0.957,1.02,0.969,1.073,1.032,1.007,1.081,0.936,0.96,0.97,0.918,0.899,0.924,0.878,0.928,0.892,0.918,0.899,0.723,0.913,0.933,0.957,0.96,0.906,0.995,
Dec-1991,0.959,0.976,0.947,0.983,0.893,0.958,0.888,0.934,0.941,1.002,0.949,1.077,1.026,0.966,1.057,0.931,0.937,0.952,0.89,0.852,0.899,0.833,0.899,0.844,0.86,0.854,0.646,0.915,0.947,0.933,0.952,0.87,0.962,
Jan-1992,0.942,0.961,0.927,0.964,0.877,0.932,0.881,0.907,0.924,0.985,0.944,1.073,1.016,0.956,1.034,0.914,0.948,0.943,0.855,0.806,0.852,0.778,0.866,0.794,0.82,0.801,0.654,0.841,0.861,0.902,0.927,0.853,0.92,
Feb-1992,0.942,0.96,0.922,0.955,0.882,0.925,0.865,0.917,0.928,0.985,0.927,1.073,1.009,0.951,1.038,0.915,0.949,0.937,0.869,0.811,0.856,0.787,0.865,0.796,0.83,0.798,0.675,0.789,0.792,0.89,0.911,0.835,0.909,
Mar-1992,0.932,0.946,0.909,0.94,0.864,0.915,0.833,0.909,0.922,0.971,0.924,1.053,1.003,0.935,1.021,0.901,0.945,0.937,0.866,0.812,0.881,0.795,0.866,0.797,0.825,0.792,0.684,0.809,0.822,0.895,0.93,0.826,0.918,
Apr-1992,0.925,0.939,0.903,0.933,0.855,0.914,0.818,0.904,0.917,0.963,0.915,1.047,0.99,0.929,1.011,0.894,0.931,0.926,0.856,0.821,0.884,0.802,0.867,0.818,0.829,0.804,0.702,0.819,0.842,0.901,0.921,0.855,0.92,
May-1992,0.923,0.934,0.902,0.931,0.855,0.91,0.817,0.909,0.915,0.956,0.902,1.023,0.972,0.892,1.011,0.886,0.941,0.917,0.842,0.827,0.89,0.812,0.864,0.839,0.835,0.815,0.696,0.854,0.861,0.926,0.936,0.889,0.943,
Jun-1992,0.92,0.932,0.9,0.918,0.871,0.913,0.829,0.897,0.907,0.95,0.914,1.027,0.976,0.904,1.017,0.865,0.939,0.896,0.865,0.83,0.908,0.796,0.861,0.829,0.853,0.819,,0.877,0.846,0.911,0.939,0.892,0.906,
Jul-1992,0.904,0.916,0.898,0.931,0.877,0.904,0.823,0.899,0.891,0.922,0.906,1.02,0.957,0.903,1.007,0.83,0.926,0.902,0.823,0.827,0.879,0.824,0.85,0.845,0.817,0.811,,0.893,0.861,0.896,0.93,0.873,0.88,
Aug-1992,0.886,0.898,0.886,0.905,0.878,0.896,0.818,0.894,0.894,0.898,0.895,1.019,0.952,0.881,0.99,0.817,0.922,0.884,0.814,0.826,0.864,0.831,0.857,0.841,0.823,0.806,,0.849,0.794,0.889,0.968,0.84,0.84,
Sep-1992,0.901,0.912,0.893,0.918,0.868,0.907,0.83,0.898,0.916,0.922,0.903,1.012,0.957,0.908,0.997,0.844,0.917,0.894,0.854,0.85,0.889,0.848,0.882,0.85,0.847,0.836,0.741,0.85,0.86,0.906,0.934,0.876,0.903,
Oct-1992,0.937,0.949,0.926,0.949,0.893,0.935,0.876,0.927,0.92,0.961,0.937,1.04,0.988,0.94,1.027,0.875,0.953,0.919,0.883,0.864,0.908,0.858,0.9,0.871,0.864,0.841,0.758,0.888,0.896,0.94,0.968,0.917,0.945,
Nov-1992,0.948,0.963,0.929,0.958,0.883,0.938,0.876,0.925,0.926,0.985,0.928,1.057,1.004,0.946,1.047,0.896,0.959,0.921,0.88,0.851,0.904,0.827,0.882,0.86,0.846,0.837,0.728,0.903,0.917,0.962,0.977,0.928,0.987,
Dec-1992,0.945,0.959,0.924,0.952,0.857,0.935,0.877,0.915,0.929,0.98,0.909,1.054,1.004,0.954,1.043,0.893,0.966,0.933,0.89,0.84,0.882,0.818,0.879,0.831,0.845,0.843,0.716,0.861,0.868,0.966,0.958,0.915,0.997,
Jan-1993,0.943,0.957,0.924,0.949,0.852,0.94,0.871,0.917,0.934,0.981,0.912,1.052,1.005,0.962,1.044,0.886,0.947,0.924,0.885,0.835,0.873,0.818,0.881,0.829,0.842,0.828,0.698,0.838,0.85,0.97,0.951,0.917,1.005,
Feb-1993,0.946,0.959,0.927,0.962,0.854,0.944,0.869,0.918,0.933,0.981,0.908,1.068,1.014,0.964,1.042,0.891,0.95,0.935,0.888,0.84,0.882,0.823,0.875,0.83,0.855,0.833,0.712,0.836,0.841,0.968,0.951,0.899,1.016,
Mar-1993,0.954,0.965,0.935,0.967,0.864,0.948,0.866,0.924,0.937,0.986,0.924,1.085,1.017,0.962,1.043,0.898,0.954,0.942,0.901,0.854,0.9,0.831,0.899,0.839,0.866,0.84,,0.868,0.878,0.963,0.969,0.907,0.99,
Apr-1993,0.926,0.934,0.904,0.936,0.83,0.915,0.845,0.904,0.912,0.958,0.916,1.067,0.992,0.95,1.004,0.89,0.921,0.903,0.876,0.857,0.865,0.849,0.905,0.834,0.869,0.846,0.795,0.833,0.846,0.972,0.961,0.921,1.005,
May-1993,0.911,0.917,0.893,0.916,0.817,0.911,0.839,0.907,0.913,0.938,0.894,1.043,0.962,0.916,0.995,0.867,0.909,0.884,0.87,0.854,0.848,0.836,0.892,0.843,0.86,0.849,0.784,0.822,0.832,0.962,0.968,0.913,0.991,
Jun-1993,0.889,0.894,0.869,0.886,0.811,0.886,0.824,0.876,0.897,0.914,0.906,1.004,0.947,0.871,0.978,0.839,0.891,0.857,0.87,0.839,0.813,0.82,0.872,0.836,0.865,0.84,0.786,0.827,0.828,0.948,0.981,0.903,0.951,
Jul-1993,0.856,0.859,0.837,0.865,0.785,0.839,0.783,0.852,0.855,0.874,0.864,1.002,0.923,0.874,0.951,0.788,0.859,0.845,0.81,0.811,0.794,0.791,0.832,0.824,0.792,0.84,0.718,0.792,0.8,0.934,0.98,0.861,0.913,
Aug-1993,0.841,0.846,0.822,0.84,0.774,0.834,0.76,0.827,0.856,0.858,0.835,0.961,0.913,0.853,0.927,0.771,0.865,0.84,0.801,0.789,0.774,0.767,0.821,0.799,0.786,0.786,0.707,0.77,0.77,0.93,0.997,0.835,0.893,
Sep-1993,0.855,0.858,0.825,0.842,0.783,0.838,0.749,0.848,0.866,0.879,0.846,0.955,0.924,0.859,0.936,0.804,0.871,0.849,0.805,0.821,0.812,0.793,0.855,0.831,0.814,0.826,0.728,0.84,0.853,0.953,0.952,0.92,0.971,
Oct-1993,0.887,0.886,0.856,0.886,0.829,0.861,0.77,0.86,0.876,0.909,0.874,1.021,0.941,0.897,0.963,0.832,0.876,0.851,0.843,0.856,0.872,0.827,0.899,0.87,0.855,0.816,0.812,0.932,0.947,1.024,0.986,1.002,1.054,
Nov-1993,0.885,0.887,0.855,0.888,0.808,0.857,0.769,0.878,0.866,0.912,0.883,1.009,0.958,0.894,0.959,0.847,0.883,0.842,0.843,0.839,0.824,0.802,0.866,0.848,0.845,0.825,0.806,0.971,0.974,1.004,0.95,0.974,1.037,
Dec-1993,0.866,0.876,0.843,0.882,0.796,0.839,0.775,0.859,0.869,0.897,0.886,1.005,0.946,0.872,0.939,0.842,0.892,0.855,0.848,0.794,0.786,0.771,0.82,0.806,0.809,0.786,0.782,0.825,0.811,0.936,0.917,0.878,0.966,
Jan-1994,0.896,0.91,0.877,0.902,0.838,0.884,0.804,0.873,0.888,0.933,0.921,1.025,0.988,0.917,0.972,0.877,0.904,0.886,0.863,0.804,0.788,0.791,0.856,0.805,0.813,0.799,0.759,0.737,0.732,0.904,0.888,0.86,0.928,
Feb-1994,0.929,0.946,0.916,0.938,0.904,0.913,0.866,0.914,0.923,0.973,0.915,1.055,0.995,0.948,1.017,0.925,0.899,0.886,0.863,0.821,0.822,0.82,0.88,0.806,0.842,0.818,0.793,0.74,0.737,0.925,0.886,0.883,0.963,
Mar-1994,0.914,0.925,0.889,0.921,0.859,0.883,0.836,0.894,0.91,0.955,0.912,1.02,0.963,0.939,1.003,0.904,0.879,0.866,0.85,0.82,0.787,0.81,0.877,0.8,0.825,0.824,0.75,0.763,0.774,0.932,0.892,0.884,0.971,
Apr-1994,0.882,0.89,0.856,0.894,0.808,0.86,0.782,0.851,0.883,0.923,0.892,0.937,0.924,0.907,0.964,0.862,0.844,0.83,0.778,0.814,0.761,0.812,0.877,0.803,0.827,0.814,0.725,0.753,0.762,0.927,0.886,0.881,0.975,
May-1994,0.861,0.866,0.831,0.854,0.768,0.851,0.754,0.833,0.867,0.901,0.844,0.831,0.868,0.854,0.963,0.837,0.847,0.822,0.735,0.806,0.733,0.799,0.873,0.799,0.833,0.808,,0.766,0.769,0.923,0.9,0.876,0.962,
Jun-1994,0.852,0.856,0.824,0.861,0.756,0.837,0.731,0.823,0.846,0.892,0.82,,0.877,0.835,0.968,0.801,0.818,0.797,0.724,0.805,0.755,0.815,0.869,0.797,0.822,0.799,,0.768,0.728,0.888,0.877,0.851,0.931,
Jul-1994,0.827,0.831,0.812,0.842,0.756,0.821,0.718,0.816,0.83,0.849,0.805,,0.878,0.829,0.939,0.757,0.808,0.796,0.729,0.802,0.753,0.8,0.877,0.798,0.768,0.814,,0.754,0.746,0.858,0.882,0.825,0.833,
Aug-1994,0.821,0.824,0.79,0.797,0.78,0.787,0.728,0.84,0.838,0.846,0.823,0.819,0.86,0.859,0.891,0.779,0.788,0.805,0.748,0.798,0.772,0.816,0.843,0.808,0.76,0.791,0.716,0.822,0.808,0.806,0.808,,0.796,
Sep-1994,0.832,0.837,0.801,0.805,0.785,0.811,0.729,0.847,0.833,0.858,0.831,0.862,0.878,0.854,0.908,0.791,0.81,0.804,0.762,0.8,0.766,0.826,0.842,0.812,0.799,0.798,0.702,0.844,0.831,0.857,0.834,0.878,0.902,
Oct-1994,0.847,0.852,0.818,0.837,0.775,0.83,0.74,0.844,0.839,0.872,0.849,0.955,0.9,0.868,0.929,0.802,0.823,0.823,0.793,0.801,0.776,0.817,0.852,0.814,0.798,0.807,,0.862,0.858,0.906,0.851,0.911,0.962,
Nov-1994,0.857,0.861,0.818,0.84,0.777,0.836,0.737,0.858,0.843,0.884,0.86,0.977,0.924,0.886,0.933,0.814,0.849,0.841,0.814,0.809,0.808,0.812,0.859,0.812,0.798,0.809,,0.833,0.848,0.934,0.866,0.916,0.99,
Dec-1994,0.868,0.873,0.835,0.861,0.775,0.842,0.773,0.872,0.853,0.893,0.861,1.013,0.943,0.896,0.946,0.82,0.859,0.848,0.813,0.811,0.804,0.824,0.861,0.803,0.811,0.812,,0.854,0.846,0.922,0.847,0.894,0.973,
Jan-1995,0.869,0.876,0.841,0.867,0.778,0.848,0.784,0.873,0.857,0.896,0.884,1.024,0.943,0.876,0.952,0.831,0.864,0.85,0.831,0.81,0.821,0.816,0.861,0.801,0.812,0.811,0.727,0.809,0.804,0.907,0.837,0.884,0.954,
Feb-1995,0.874,0.882,0.844,0.878,0.774,0.849,0.785,0.873,0.859,0.904,0.885,1.034,0.951,0.89,0.963,0.834,0.861,0.846,0.821,0.805,0.808,0.801,0.855,0.79,0.81,0.804,0.704,0.807,0.8,0.901,0.84,0.869,0.945,
Mar-1995,0.866,0.873,0.83,0.87,0.763,0.825,0.777,0.87,0.856,0.902,0.876,1.033,0.942,0.89,0.959,0.823,0.842,0.84,0.814,0.806,0.767,0.823,0.857,0.804,0.801,0.805,0.761,0.811,0.806,0.905,0.837,0.887,0.945,
Apr-1995,0.854,0.858,0.821,0.852,0.767,0.819,0.766,0.865,0.848,0.884,0.87,1,0.913,0.871,0.941,0.807,0.818,0.84,0.803,0.812,0.787,0.823,0.862,0.804,0.819,0.811,0.779,0.818,0.807,0.917,0.826,0.907,0.967,
May-1995,0.864,0.869,0.838,0.865,0.787,0.847,0.758,0.861,0.845,0.896,0.852,0.932,0.896,0.882,0.959,0.811,0.822,0.83,0.765,0.816,0.816,0.836,0.861,0.805,0.808,0.815,0.792,0.838,0.827,0.891,0.819,0.916,,
Jun-1995,0.846,0.852,0.818,0.842,0.781,0.825,0.745,0.832,0.839,0.882,0.83,,0.868,0.877,0.95,0.795,0.814,0.823,0.777,0.789,0.77,0.835,0.836,0.773,0.78,0.813,0.77,0.83,0.828,0.879,0.827,0.901,0.952,
Jul-1995,0.82,0.824,0.793,0.794,0.769,0.806,0.729,0.817,0.817,0.848,0.8,0.851,0.833,0.854,0.923,0.758,0.803,0.812,0.758,0.777,0.766,0.819,0.82,0.766,0.766,0.81,,0.816,0.826,0.854,0.817,,0.94,
Aug-1995,0.807,0.811,0.793,0.774,0.767,0.809,0.73,0.853,0.817,0.83,0.821,,0.826,0.822,0.898,0.756,0.773,0.809,0.741,0.763,0.729,0.794,0.821,0.773,0.727,0.785,0.695,0.827,0.835,0.846,0.819,0.863,0.912,
Sep-1995,0.823,0.827,0.797,0.792,0.762,0.817,0.738,0.849,0.825,0.851,0.824,0.861,0.855,0.839,0.905,0.772,0.803,0.816,0.761,0.793,0.756,0.809,0.845,0.795,0.775,0.807,0.669,0.876,0.864,0.877,0.832,0.871,0.955,
Oct-1995,0.84,0.845,0.811,0.831,0.758,0.823,0.739,0.857,0.825,0.868,0.84,,0.895,0.852,0.927,0.796,0.826,0.825,0.774,0.797,0.746,0.818,0.839,0.801,0.791,0.805,0.657,0.89,0.888,0.911,0.834,0.905,0.978,
Nov-1995,0.863,0.868,0.836,0.857,0.791,0.838,0.773,0.874,0.845,0.888,0.845,1.002,0.932,0.881,0.943,0.819,0.852,0.838,0.814,0.815,0.79,0.792,0.869,0.805,0.818,0.816,0.679,0.889,0.886,0.926,0.846,0.922,0.992,
Dec-1995,0.911,0.921,0.889,0.905,0.87,0.889,0.838,0.918,0.88,0.942,0.895,1.038,0.985,0.943,0.994,0.871,0.897,0.882,0.894,0.834,0.829,0.836,0.888,0.818,0.84,0.829,0.695,0.895,0.892,0.93,0.842,0.905,1.007,
Jan-1996,0.946,0.961,0.929,0.945,0.93,0.92,0.891,0.949,0.926,0.983,0.947,1.117,1.039,0.978,1.029,0.923,0.922,0.913,0.907,0.844,0.844,0.856,0.896,0.827,0.855,0.833,0.709,0.88,0.872,0.925,0.84,0.901,0.997,
Feb-1996,0.959,0.975,0.944,0.962,0.932,0.938,0.908,0.956,0.937,0.996,0.944,1.129,1.041,1.005,1.041,0.931,0.931,0.928,0.938,0.857,0.858,0.864,0.912,0.837,0.877,0.839,0.724,0.88,0.868,0.925,0.833,0.909,0.996,
Mar-1996,0.991,1.006,0.985,0.996,0.967,0.993,0.938,0.997,0.973,1.024,0.961,1.177,1.064,1.035,1.066,0.959,0.95,0.936,0.958,0.894,0.887,0.907,0.97,0.867,0.916,0.871,0.755,0.878,0.866,0.931,0.845,0.9,1.011,
Apr-1996,1.015,1.027,1.006,1.021,0.987,1.015,0.965,0.988,1.003,1.045,1.007,1.159,1.058,1.054,1.09,0.971,0.968,0.954,0.97,0.934,0.904,0.935,1.01,0.914,0.953,0.915,0.822,0.964,0.957,1.013,0.9,1.01,1.097,
May-1996,0.978,0.981,0.96,0.968,0.954,0.959,0.936,0.949,0.988,1.003,0.98,1.097,1.044,0.982,1.052,0.929,0.902,0.917,0.914,0.926,0.899,0.93,0.996,0.92,0.913,0.922,0.765,0.997,0.971,1.079,0.979,1.086,1.167,
Jun-1996,0.91,0.913,0.887,0.888,0.901,0.879,0.872,0.887,0.922,0.942,0.919,1.025,0.973,0.918,1.014,0.839,0.861,0.882,0.899,0.863,0.806,0.862,0.946,0.855,0.868,0.884,0.703,0.869,0.91,1.034,0.962,,1.128,
Jul-1996,0.879,0.88,0.864,0.849,0.875,0.875,0.836,0.877,0.885,0.892,0.91,0.973,0.937,0.897,0.972,0.794,0.867,0.885,0.886,0.859,0.789,0.856,0.922,0.843,0.865,0.886,0.682,0.869,0.923,0.962,0.927,0.964,1.038,
Aug-1996,0.881,0.882,0.868,0.84,0.895,0.89,0.851,0.883,0.89,0.887,0.91,0.992,0.937,0.906,0.934,0.82,0.89,0.891,0.889,0.86,0.83,0.874,0.925,0.862,0.822,0.878,0.757,0.888,0.984,0.943,0.923,0.943,0.998,
Sep-1996,0.945,0.944,0.937,0.925,0.964,0.931,0.919,0.966,0.944,0.952,0.953,1.062,0.993,0.973,0.991,0.889,0.929,0.926,0.949,0.922,0.871,0.928,0.986,0.918,0.928,0.911,0.84,0.988,1.013,1.055,0.957,1.091,1.158,
Oct-1996,1.026,1.035,1.023,1.03,1.011,1.03,0.991,1.04,1.007,1.047,1.031,1.209,1.081,1.057,1.079,0.994,0.997,0.986,1.011,0.968,0.924,0.966,1.026,0.978,0.982,0.956,0.871,0.979,0.978,1.068,0.967,1.086,1.164,
Nov-1996,1.054,1.061,1.037,1.05,1.034,1.037,0.997,1.045,1.019,1.079,1.059,1.257,1.118,1.088,1.116,1.022,1.02,1.022,1.046,1.007,0.968,1.024,1.064,1.024,1.008,0.987,,1.024,0.981,1.074,0.969,1.075,1.153,
Dec-1996,1.075,1.085,1.06,1.081,1.051,1.059,1.016,1.064,1.036,1.103,1.067,1.292,1.149,1.111,1.144,1.04,1.05,1.043,1.043,1.005,0.981,1.008,1.064,1.004,1.015,0.989,0.874,0.983,0.954,1.067,0.964,1.051,1.149,
Jan-1997,1.079,1.09,1.066,1.086,1.052,1.065,1.021,1.07,1.044,1.105,1.065,1.304,1.171,1.116,1.143,1.042,1.071,1.055,1.038,0.997,0.992,1.009,1.056,0.994,1.007,0.983,0.855,0.968,0.949,1.085,0.972,1.057,1.176,
Feb-1997,1.051,1.06,1.037,1.052,1.022,1.034,1.01,1.045,1.035,1.081,1.042,1.27,1.15,1.087,1.116,1.021,1.004,1.027,1.012,0.977,0.932,0.97,1.044,0.97,0.984,0.968,0.797,0.973,0.945,1.091,0.977,1.067,1.188,
Mar-1997,1.016,1.025,0.982,0.993,0.943,0.977,0.986,1.004,1.031,1.062,1.007,1.214,1.081,1.049,1.112,0.977,0.991,1.004,0.981,0.932,0.902,0.947,,0.914,0.923,0.968,0.751,0.975,1.006,1.093,0.989,1.075,1.166,
Apr-1997,0.992,1.003,0.961,0.976,0.909,0.959,0.952,0.994,1.004,1.042,1.001,1.163,1.056,1.028,1.094,0.948,0.952,0.967,0.957,0.907,0.855,,0.917,0.894,0.923,0.929,0.747,0.959,0.983,1.077,0.976,1.06,1.149,
May-1997,0.964,0.971,0.931,0.934,0.906,0.93,0.919,0.973,0.977,1.015,0.964,1.086,1.019,1.001,1.077,0.924,0.896,0.899,0.929,0.904,0.819,0.887,0.907,0.89,0.904,0.934,0.709,0.945,0.984,1.039,0.965,1.046,1.091,
Jun-1997,0.923,0.929,0.896,0.899,0.881,0.891,0.891,0.933,0.929,0.969,0.908,0.999,0.98,0.972,1.036,0.876,0.863,0.878,0.906,0.87,0.814,0.842,0.882,0.872,0.868,0.908,0.703,,0.934,1.025,0.961,1.002,1.122,
Jul-1997,0.883,0.887,0.863,0.837,0.867,0.875,0.856,0.916,0.911,0.914,0.888,,0.961,0.903,0.994,0.82,0.85,0.859,0.874,0.833,0.799,0.799,0.849,0.847,0.832,0.869,0.704,0.899,0.899,1.033,0.976,0.968,,
Aug-1997,0.869,0.868,0.855,0.842,0.858,0.847,0.853,0.91,0.927,0.879,0.892,,0.938,0.901,0.929,0.807,0.851,0.853,0.85,0.842,0.813,0.832,0.874,0.847,0.817,0.865,0.723,0.886,0.912,1.016,0.965,0.992,1.088,
Sep-1997,0.887,0.89,0.87,0.855,0.87,0.87,0.863,0.912,0.917,0.905,0.885,,0.947,0.912,0.945,0.828,0.885,0.889,0.876,0.844,0.774,0.804,0.883,0.836,0.842,0.88,0.721,0.911,0.925,1.036,0.968,1.012,1.109,
Oct-1997,0.923,0.928,0.898,0.889,0.9,0.895,0.882,0.946,0.931,0.959,0.88,1.067,0.978,0.954,1.006,0.872,0.894,0.902,0.881,0.871,0.826,0.845,0.889,0.862,0.882,0.895,0.739,0.918,0.93,1.043,0.978,1.016,1.116,
Nov-1997,0.941,0.946,0.914,0.913,0.92,0.907,0.886,0.954,0.947,0.976,0.92,,1.003,0.978,1.017,0.895,0.905,0.918,0.922,0.883,0.815,0.85,0.936,0.864,0.892,0.898,0.729,0.937,0.944,1.057,0.982,1.023,1.128,
Dec-1997,0.938,0.946,0.911,0.919,0.909,0.899,0.885,0.946,0.94,0.98,0.942,1.118,1.009,0.982,1.018,0.899,0.898,0.925,0.936,0.858,0.821,0.818,0.889,0.844,0.858,0.886,0.685,0.924,0.934,1.024,0.964,0.984,1.09,
Jan-1998,0.925,0.935,0.896,0.907,0.88,0.888,0.866,0.933,0.925,0.972,0.924,1.11,1.004,0.965,1.014,0.892,0.892,0.921,0.911,0.826,0.804,0.799,0.859,0.815,0.822,0.854,0.662,0.832,0.849,0.986,,0.936,1.046,
Feb-1998,0.916,0.928,0.885,0.901,0.851,0.877,0.867,0.926,0.916,0.967,0.919,1.1,0.988,0.958,1.01,0.885,0.887,0.914,0.889,0.806,0.797,0.789,0.842,0.781,0.809,0.836,0.647,0.794,0.808,0.947,0.874,0.893,1.008,
Mar-1998,0.896,0.908,0.869,0.88,0.823,0.867,0.841,0.901,0.921,0.941,0.906,1.049,0.968,0.929,0.983,0.862,0.873,0.896,0.885,0.796,0.772,0.779,0.833,0.772,0.795,0.83,0.623,0.769,0.786,0.927,0.865,0.858,0.989,
Apr-1998,0.877,0.886,0.844,0.858,0.816,0.835,0.813,0.889,0.891,0.925,0.885,1.003,0.931,0.917,0.971,0.84,0.845,0.884,0.868,0.792,0.744,0.77,0.818,0.778,0.795,0.816,0.63,0.791,0.796,0.927,0.868,0.862,0.988,
May-1998,0.849,0.859,0.824,0.832,0.803,0.819,0.794,0.872,0.867,0.899,0.823,,0.89,0.896,0.95,0.821,0.806,0.838,0.821,0.767,0.7,0.732,0.815,0.726,0.788,0.805,0.612,0.769,0.781,0.909,0.862,0.852,0.973,
Jun-1998,0.812,0.821,0.787,0.781,0.786,0.785,0.756,0.844,0.843,0.851,0.798,0.898,0.858,0.839,0.922,0.757,0.803,0.824,0.798,0.74,,0.721,0.793,0.688,0.751,0.788,,0.751,0.749,0.863,0.858,0.822,0.899,
Jul-1998,0.777,0.784,0.757,0.744,0.76,0.762,0.705,0.833,0.814,0.8,0.741,0.84,0.812,0.79,0.89,0.701,0.791,0.814,0.733,0.728,0.707,0.697,0.765,0.694,0.727,0.778,0.562,0.73,,0.832,0.818,0.822,0.865,
Aug-1998,0.755,0.761,0.733,0.714,0.743,0.74,0.685,0.786,0.809,0.777,0.745,0.856,0.794,0.771,0.837,0.699,0.776,0.79,0.726,0.708,,0.71,0.745,0.682,0.701,0.755,0.551,0.773,0.796,0.845,0.825,0.844,0.877,
Sep-1998,0.77,0.776,0.739,0.724,0.744,0.742,0.708,0.788,0.805,0.801,0.73,0.846,0.817,0.803,0.852,0.717,0.793,0.801,0.726,0.726,0.662,0.725,0.759,0.705,0.723,0.749,0.598,0.782,0.784,0.864,0.834,0.837,0.902,
Oct-1998,0.786,0.791,0.755,0.755,0.741,0.753,0.711,0.817,0.824,0.822,0.764,,0.803,0.823,0.88,0.741,0.783,0.803,0.769,0.738,0.698,0.73,0.773,0.707,0.744,0.768,0.579,0.786,0.788,0.892,0.844,0.841,0.949,
Nov-1998,0.799,0.806,0.757,0.77,0.733,0.747,0.723,0.804,0.82,0.845,0.824,,0.821,0.835,0.893,0.766,0.792,0.812,0.768,0.731,0.708,0.719,0.779,0.703,0.734,0.766,0.556,0.77,0.764,0.894,0.827,0.824,0.971,
Dec-1998,0.789,0.796,0.75,0.771,0.709,0.743,0.714,0.799,0.817,0.833,0.809,,0.803,0.826,0.885,0.76,0.789,0.799,0.738,0.713,0.666,0.693,0.779,0.679,0.716,0.746,0.519,0.71,0.711,0.885,0.826,0.819,0.95,
Jan-1999,0.805,0.814,0.763,0.786,0.72,0.761,0.708,0.799,0.806,0.854,0.821,,0.857,0.835,0.903,0.778,0.797,0.812,0.746,0.717,0.686,0.714,0.762,0.68,0.729,0.75,0.538,0.687,0.685,0.871,0.805,0.821,0.931,
Feb-1999,0.8,0.808,0.755,0.773,0.716,0.756,0.704,0.794,0.797,0.85,0.804,,0.861,0.834,0.896,0.773,0.797,0.814,0.726,0.711,0.659,0.71,0.765,0.67,0.719,0.739,0.51,0.69,0.678,0.875,0.818,0.805,0.936,
Mar-1999,0.81,0.814,0.763,0.779,0.743,0.761,0.704,0.793,0.795,0.854,0.829,,0.868,0.836,0.906,0.773,0.8,0.816,0.784,0.738,0.678,0.737,0.777,0.695,0.764,0.764,0.522,0.715,0.709,0.938,0.848,0.884,1.016,
Apr-1999,0.83,0.832,0.777,0.796,0.793,0.769,0.702,0.792,0.804,0.873,0.887,,0.869,0.886,0.942,0.754,0.835,0.858,0.719,0.764,0.634,0.756,0.815,0.735,0.76,0.778,,,0.741,1.045,,0.981,1.116,
May-1999,0.82,0.823,0.77,0.767,0.792,0.776,0.69,0.795,0.798,0.866,,,0.845,0.87,0.956,0.75,0.816,0.835,0.712,0.753,0.602,0.729,,0.725,0.761,0.773,,0.749,0.754,1.012,0.96,0.958,1.076,
Jun-1999,0.807,0.809,0.753,0.746,0.775,0.761,0.685,0.782,0.785,0.853,0.77,,0.818,0.844,0.962,0.733,0.803,0.826,0.662,0.743,,0.74,,0.724,0.773,0.764,,0.761,0.757,1.03,0.968,1.052,1.103,
Jul-1999,0.815,0.814,0.772,0.773,0.799,0.776,0.697,0.79,0.801,0.835,0.76,,0.844,0.861,0.955,0.728,0.835,0.83,0.697,0.784,0.628,0.763,,0.74,0.788,0.798,,0.788,0.782,1.03,0.992,1.036,1.103,
Aug-1999,0.835,0.827,0.801,0.795,0.831,0.804,0.745,0.812,0.824,0.831,0.781,,0.859,0.88,,0.739,0.867,0.848,0.758,0.844,0.806,0.845,,0.815,0.803,0.867,,0.824,0.816,,,1.029,1.079,
Sep-1999,0.901,0.896,0.864,0.852,0.89,0.861,0.82,0.906,0.882,0.91,0.85,,0.924,0.949,0.986,0.811,0.92,0.888,0.794,0.898,0.857,0.917,,0.853,0.869,0.916,,0.863,0.897,1.059,1.039,1.006,1.113,
Oct-1999,0.949,0.949,0.91,0.909,0.914,0.91,0.878,0.93,0.924,0.975,0.903,,0.957,1.008,1.056,0.86,0.963,0.929,,0.926,0.892,0.909,,0.897,0.899,0.953,,0.854,0.875,1.094,1.086,1.022,1.14,
Nov-1999,1.001,1.002,0.96,0.958,0.972,0.965,0.92,0.968,0.957,1.03,0.97,,1.022,1.057,1.11,0.913,1.017,0.992,,0.976,0.926,0.968,,0.939,0.962,0.99,,0.859,0.897,1.121,1.117,1.048,1.168,
Dec-1999,1.045,1.049,1.004,1.009,1.004,1,0.99,1.016,0.996,1.076,1.042,,1.079,1.118,1.147,0.954,1.067,1.037,,1.006,0.957,0.993,,0.991,0.975,1.011,,0.902,0.927,1.147,1.171,1.06,1.185,
Jan-2000,1.258,1.282,1.233,1.245,1.264,1.237,1.209,1.188,1.172,1.319,1.242,,1.236,1.347,1.416,1.173,1.27,1.209,1.161,1.065,1.006,1.096,,1.019,1.105,1.057,,0.905,0.935,1.23,1.22,1.156,1.275,
Feb-2000,1.425,1.458,1.394,1.415,1.405,1.396,1.403,1.328,1.332,1.51,1.373,,1.415,1.547,1.629,1.331,1.409,1.319,1.306,1.143,1.093,1.161,,1.098,1.201,1.102,1.301,1.049,0.977,1.298,1.263,1.249,1.34,
Mar-2000,1.239,1.244,1.188,1.207,1.208,1.168,1.23,1.148,1.185,1.28,1.206,,1.263,1.316,1.358,1.143,1.265,1.224,1.197,1.142,1.083,1.176,,1.095,1.167,1.118,1.253,1.133,1.092,1.394,1.313,1.361,1.454,
Apr-2000,1.177,1.182,1.13,1.14,1.135,1.117,1.164,1.122,1.14,1.213,1.152,,1.199,1.248,1.274,1.082,1.218,1.145,1.103,1.102,1.046,1.124,,1.075,1.112,1.102,0.933,,1.059,1.307,1.303,1.277,1.338,
May-2000,1.172,1.178,1.147,1.144,1.151,1.143,1.179,1.142,1.123,1.209,1.096,,1.196,1.252,1.275,1.065,1.13,1.119,1.1,1.111,0.986,1.086,,1.102,1.119,1.098,0.929,0.963,0.966,1.262,1.247,1.212,1.32,
Jun-2000,1.163,1.168,1.145,1.137,1.171,1.129,1.17,1.142,1.173,1.201,1.037,,1.151,1.25,1.281,1.062,1.091,1.092,1.097,1.124,0.96,1.151,,1.128,1.125,1.099,0.935,1.007,,1.221,1.204,1.228,1.281,
Jul-2000,1.15,1.157,1.146,1.141,1.189,1.116,1.179,1.126,1.195,1.175,1.037,,1.156,1.248,1.277,1.04,1.104,1.082,1.102,1.097,,1.123,,1.114,1.104,1.053,1.06,1.048,1.096,1.215,1.218,1.264,,
Aug-2000,1.19,1.194,1.185,1.158,1.248,1.174,1.214,1.151,1.222,1.203,1.128,,1.204,1.28,1.29,1.097,1.185,1.177,1.171,1.151,1.068,1.188,,1.106,1.118,1.146,1.104,1.057,1.141,1.313,1.308,1.313,1.333,
Sep-2000,1.32,1.321,1.312,1.294,1.362,1.287,1.323,1.326,1.338,1.335,1.249,,1.333,1.398,1.405,1.232,1.287,1.302,1.303,1.293,1.244,1.34,,1.224,1.295,1.278,1.139,1.223,1.333,1.507,1.408,1.544,1.566,
Oct-2000,1.366,1.366,1.337,1.345,1.389,1.321,1.315,1.34,1.309,1.4,1.297,,1.415,1.442,1.472,1.272,1.302,1.33,1.327,1.315,1.231,1.35,,1.284,1.337,1.318,,1.346,1.408,1.591,,1.56,1.628,
Nov-2000,1.397,1.404,1.366,1.372,1.411,1.351,1.358,1.383,1.334,1.441,1.397,,1.474,1.499,1.503,1.313,1.336,1.358,1.366,1.314,1.242,1.315,,1.285,1.34,1.301,,1.34,1.405,1.559,1.541,1.506,1.605,
Dec-2000,1.411,1.422,1.374,1.392,1.373,1.37,1.364,1.369,1.327,1.463,1.4,,1.501,1.472,1.522,1.351,1.38,1.37,1.374,1.301,1.232,1.27,,1.257,1.324,1.302,,1.279,1.284,1.587,1.529,1.558,1.625,
Jan-2001,1.386,1.397,1.341,1.368,1.325,1.327,1.349,1.339,1.328,1.434,1.398,,1.503,1.463,1.477,1.331,1.399,1.414,1.371,1.291,1.227,1.27,,1.249,1.317,1.281,,1.223,1.208,1.42,,1.343,1.44,
Feb-2001,1.343,1.352,1.306,1.32,1.295,1.295,1.333,1.294,1.308,1.387,1.376,,1.465,1.406,1.435,1.279,1.34,1.334,1.273,1.257,1.189,1.231,,1.204,1.269,1.266,,1.211,1.14,1.422,1.475,1.344,1.454,
Mar-2001,1.294,1.304,1.271,1.29,1.256,1.256,1.301,1.255,1.291,1.335,1.293,,1.408,1.338,1.399,1.215,1.237,1.228,1.191,1.177,1.157,1.141,,1.147,1.174,1.201,0.919,1.212,1.094,1.412,,1.297,1.419,
Apr-2001,1.273,1.279,1.253,1.272,1.229,1.243,1.267,1.241,1.28,1.31,1.232,,1.372,1.318,1.396,1.168,1.175,1.174,1.171,1.189,,1.123,,1.18,1.175,1.193,,1.214,1.101,1.383,,1.303,1.418,
May-2001,1.249,1.248,1.235,1.251,1.218,1.227,1.245,1.224,1.248,1.271,1.133,,1.287,1.308,1.373,1.111,1.149,1.128,1.137,1.224,1.113,1.178,,1.187,1.205,1.219,,,1.14,1.415,1.456,1.338,1.446,
Jun-2001,1.203,1.203,1.208,1.191,1.216,1.198,1.255,1.216,1.25,1.213,1.108,,1.232,1.287,1.332,1.057,1.139,1.127,1.125,1.165,1.056,1.098,,1.14,1.129,1.171,,1.052,1.119,1.371,1.406,1.3,1.413,
Jul-2001,1.136,1.141,1.154,1.131,1.178,1.138,1.212,1.172,1.227,1.149,1.02,,1.169,1.232,1.269,1.01,1.065,1.066,1.045,1.084,1.022,1.029,,1.064,1.047,1.106,,1.051,1.003,1.258,1.318,1.154,1.227,
Aug-2001,1.143,1.144,1.142,1.108,1.152,1.135,1.189,1.18,1.219,1.162,1.015,,1.17,1.183,1.272,1.036,1.078,1.076,1.093,1.134,1.118,1.117,,1.154,1.104,1.176,,,1.012,,1.246,1.168,1.19,
Sep-2001,1.175,1.168,1.174,1.162,1.187,1.159,1.184,1.197,1.23,1.179,1.062,,1.2,1.2,1.291,1.049,1.103,1.104,1.12,1.205,1.183,1.18,1.364,1.163,1.191,1.221,,1.061,1.077,1.289,,1.206,1.279,
Oct-2001,1.142,1.148,1.148,1.134,1.146,1.134,1.176,1.174,1.211,1.162,,,1.177,1.18,1.259,1.026,1.062,1.069,1.043,1.096,1.095,1.083,1.221,1.055,1.084,1.128,0.95,1.004,1.002,1.233,1.311,1.11,,
Nov-2001,1.11,1.122,1.11,1.092,1.102,1.099,1.148,1.139,1.189,1.144,1.103,,1.171,1.142,1.233,1.012,1.021,1.024,,1.011,0.982,0.982,1.12,0.999,1.008,1.061,0.888,0.952,0.902,1.157,1.257,1.036,1.181,
Dec-2001,1.08,1.098,1.088,1.074,1.087,1.069,1.142,1.113,1.173,1.12,1.088,,1.143,1.122,1.198,0.997,0.993,0.978,0.955,0.95,0.917,0.934,1.083,0.91,0.95,0.965,0.817,0.793,0.758,1.076,1.199,0.95,1.102,
Jan-2002,1.097,1.116,1.093,1.083,1.095,1.074,1.132,1.121,1.179,1.145,1.142,,1.158,1.138,1.215,1.029,1.02,1.017,0.967,0.939,0.87,0.917,1.022,0.912,0.942,0.97,0.771,0.793,0.747,1.046,1.14,0.937,1.089,
Feb-2002,1.084,1.101,1.085,1.066,1.086,1.069,1.141,1.109,1.176,1.128,1.11,,1.151,1.134,1.199,1.002,1.005,0.999,0.957,0.937,0.844,0.957,1.018,0.916,0.943,0.959,0.771,0.791,0.745,1.049,1.145,0.944,1.082,
Mar-2002,1.1,1.118,1.107,1.091,1.122,1.112,1.101,1.077,1.162,1.147,1.13,,1.176,1.17,1.19,1.046,1.008,1.022,0.995,0.965,0.85,0.939,1.036,0.94,1.014,1.003,,0.868,0.822,1.125,1.104,1.043,1.17,
Apr-2002,1.116,1.132,1.121,1.096,1.114,1.14,1.097,1.12,1.177,1.164,1.162,1.292,1.189,1.21,1.2,1.066,0.989,1.007,1.015,0.987,0.847,0.949,1.083,1.02,1.031,1.053,,0.967,0.926,1.167,1.118,1.08,1.241,
May-2002,1.093,1.111,1.116,1.089,1.115,1.136,1.084,1.098,1.181,1.139,1.061,,1.142,1.196,1.176,1.043,0.931,0.972,1.023,0.98,0.837,,1.064,1.026,1.006,1.064,,0.973,0.9,1.139,1.046,1.075,1.249,
Jun-2002,1.057,1.079,1.098,1.106,1.101,1.109,1.046,1.061,1.14,1.114,1.005,1.115,1.115,1.167,1.159,1.028,0.926,0.971,1.016,0.942,,,1.07,1.017,0.969,1.017,,0.964,0.89,1.1,1.06,1.039,1.224,
Jul-2002,1.029,1.046,1.083,1.064,1.095,1.113,1.014,1.056,1.115,1.064,0.982,,1.094,1.134,1.142,0.952,0.925,0.98,1.015,0.948,0.966,,1.068,1.019,0.953,1.02,,0.951,0.88,1.057,1.027,,1.177,
Aug-2002,1.038,1.052,1.091,1.073,1.077,1.125,1.022,1.077,1.121,1.052,0.995,,1.109,1.147,,0.961,0.975,1.002,1.024,0.969,,,1.074,1.052,1.005,1.033,,0.98,0.899,1.088,1.058,1.076,1.17,
Sep-2002,1.099,1.104,1.115,1.107,1.112,1.137,1.06,1.106,1.143,1.121,1.112,,1.164,1.207,1.166,1.014,1.017,1.031,1.071,1.07,1.012,,1.131,1.111,1.071,1.123,,1.029,0.966,1.155,1.1,1.155,1.242,
Oct-2002,1.148,1.147,1.144,1.12,1.167,1.162,1.114,1.105,1.176,1.168,1.148,1.292,1.201,1.236,1.201,1.066,1.075,1.087,1.111,1.141,1.056,,1.209,1.166,1.145,1.18,,1.069,1.034,1.216,1.105,1.185,1.285,
Nov-2002,1.18,1.183,1.165,1.155,1.154,1.185,1.134,1.144,1.179,1.213,1.198,,1.247,1.275,1.251,1.113,1.095,1.111,1.137,1.15,1.119,1.14,1.222,1.149,1.158,1.202,,1.064,1.035,1.226,1.13,1.193,1.312,
Dec-2002,1.238,1.245,1.22,1.215,1.194,1.25,1.181,1.208,1.205,1.273,1.291,,1.313,1.354,1.301,1.175,1.185,1.202,1.211,1.186,1.11,1.21,1.247,1.17,1.195,1.215,,1.055,1.03,1.221,1.139,1.18,1.312,
Jan-2003,1.332,1.342,1.315,1.309,1.28,1.35,1.272,1.323,1.264,1.371,1.384,,1.414,1.458,1.392,1.274,1.289,1.309,1.317,1.26,1.166,1.303,1.305,1.205,1.294,1.271,,1.099,1.076,1.285,1.157,1.244,1.379,
Feb-2003,1.508,1.52,1.487,1.496,1.425,1.524,1.45,1.518,1.389,1.556,1.614,,1.582,1.666,1.561,1.477,1.449,1.472,1.555,1.409,1.305,1.467,1.485,1.353,1.448,1.385,,1.255,1.205,1.446,1.211,1.446,1.554,
Mar-2003,1.539,1.554,1.513,1.522,1.47,1.539,1.484,1.514,1.44,1.605,1.685,,1.655,1.705,1.6,1.537,1.426,1.434,1.559,1.392,1.318,1.424,1.488,1.337,1.413,1.402,,1.346,1.339,1.592,1.374,1.586,1.795,
Apr-2003,1.346,1.362,1.335,1.335,1.301,1.36,1.326,1.315,1.319,1.403,1.422,,1.452,1.461,1.416,1.328,1.209,1.277,1.309,1.198,1.125,,1.305,1.196,1.26,1.254,,1.218,1.211,1.417,1.299,1.306,1.548,
May-2003,1.267,1.292,1.284,1.278,1.252,1.327,1.264,1.239,1.258,1.334,1.3,,1.357,1.359,1.378,1.24,1.104,1.193,1.165,1.093,1.081,,1.209,1.134,1.154,1.179,,1.123,1.114,1.293,1.222,1.206,1.43,
Jun-2003,1.217,1.235,1.254,1.246,1.245,1.295,1.214,1.199,1.223,1.261,1.255,1.276,1.284,1.339,1.3,,1.114,1.203,1.132,1.085,1.061,,1.14,1.146,1.134,1.136,,1.129,,1.288,1.226,1.253,1.433,
Jul-2003,1.164,1.182,1.224,1.206,1.213,1.271,1.187,1.173,1.203,1.181,1.197,,1.244,1.285,1.284,1.056,1.113,1.185,1.095,1.053,,,1.135,1.138,1.115,1.121,,1.116,1.074,1.265,,1.311,1.41,
Aug-2003,1.176,1.186,1.23,1.208,1.206,1.274,1.191,,1.21,1.184,1.172,,1.256,,1.249,1.088,1.118,1.204,1.138,1.105,1.149,1.06,1.196,1.154,1.139,1.141,,1.167,1.143,1.308,1.272,1.303,1.454,
Sep-2003,1.188,1.209,1.228,1.226,1.215,1.259,1.194,1.206,1.213,1.222,1.217,1.286,1.269,1.261,1.289,1.107,1.123,1.211,1.123,1.094,1.14,,1.198,1.133,1.141,1.175,,1.157,1.14,1.249,,1.191,1.37,
Oct-2003,1.236,1.25,1.241,1.244,1.228,1.26,1.204,1.211,1.26,1.277,1.256,,1.338,1.333,1.318,1.163,1.173,1.227,1.172,1.162,1.165,,1.221,1.196,1.205,1.219,,1.163,,1.247,,1.168,1.351,
Nov-2003,1.283,1.296,1.279,1.298,1.243,1.298,1.218,1.273,1.269,1.33,1.3,,1.365,1.365,1.375,1.214,1.197,1.238,1.193,1.18,1.177,1.128,1.259,1.183,1.223,1.227,,1.211,1.224,1.331,1.266,1.235,1.418,
Dec-2003,1.341,1.353,1.324,1.336,1.294,1.349,1.261,1.331,1.29,1.391,1.398,,1.43,1.447,1.424,1.284,1.273,1.29,1.289,1.219,1.199,1.23,1.265,1.191,1.253,1.238,,1.202,1.207,1.372,1.273,1.256,1.462,
Jan-2004,1.419,1.433,1.406,1.412,1.354,1.432,1.363,1.433,1.356,1.471,1.473,,1.521,1.542,1.489,1.374,1.354,1.361,1.374,1.286,1.255,1.301,1.336,1.245,1.324,1.287,,1.224,1.227,1.392,1.297,1.29,1.477,
Feb-2004,1.439,1.452,1.42,1.42,1.384,1.448,1.389,1.419,1.373,1.497,1.523,,1.559,1.581,1.508,1.402,1.349,1.352,1.405,1.307,1.266,1.333,1.38,1.256,1.355,1.285,,1.243,1.241,1.474,1.308,1.403,1.578,
Mar-2004,1.418,1.426,1.402,1.403,1.373,1.434,1.351,1.372,1.379,1.464,1.509,,1.536,1.548,1.472,1.374,1.337,1.347,1.372,1.325,1.326,1.34,1.407,1.28,1.382,1.318,,1.254,1.342,1.527,1.368,1.45,1.663,
Apr-2004,1.418,1.422,1.394,1.396,1.372,1.425,1.336,1.375,1.389,1.457,1.502,,1.533,1.518,1.47,1.363,1.34,1.31,1.363,1.347,1.342,,1.402,1.33,1.405,1.358,,1.238,1.444,1.633,1.435,1.593,1.793,
May-2004,1.428,1.431,1.417,1.419,1.384,1.461,1.337,1.412,1.388,1.464,1.479,,1.5,1.534,1.49,1.37,,,1.403,1.342,1.362,,1.413,1.349,1.37,1.39,,,1.635,1.736,1.569,1.764,1.924,
Jun-2004,1.408,1.42,1.425,1.435,1.416,1.449,1.358,1.378,1.44,1.446,1.402,,1.453,1.519,1.483,1.35,1.322,1.268,,1.317,1.345,,1.384,1.352,1.349,1.362,,1.305,1.491,1.638,1.569,1.657,1.853,
Jul-2004,1.432,1.439,1.472,1.48,1.45,1.509,1.403,1.402,1.506,1.433,1.408,,1.503,1.521,1.522,1.333,1.378,1.353,1.372,1.373,1.398,,1.44,1.395,1.414,1.418,,,1.427,1.672,1.628,1.739,1.811,
Aug-2004,1.5,1.508,1.531,1.53,1.532,1.564,1.476,1.483,1.549,1.506,1.473,,1.566,1.586,1.558,1.416,1.464,1.425,1.473,1.455,1.449,,1.507,1.525,1.476,1.488,,1.33,1.553,1.662,1.606,1.642,1.799,
Sep-2004,1.597,1.602,1.619,1.63,1.62,1.656,1.543,1.557,1.599,1.598,1.565,,1.664,1.644,1.63,1.521,1.561,1.536,1.54,1.555,,,1.629,1.601,1.543,1.573,,1.387,1.641,1.747,1.611,1.764,1.87,
Oct-2004,1.807,1.806,1.794,1.783,1.787,1.827,1.749,1.776,1.767,1.817,1.793,,1.85,1.918,1.848,1.711,1.79,1.776,1.767,1.77,1.771,1.836,1.804,1.761,1.793,1.741,,,1.893,1.982,1.821,1.921,2.091,
Nov-2004,1.828,1.834,1.801,1.808,1.781,1.831,1.762,1.764,1.741,1.865,1.872,,1.907,1.962,1.893,1.74,1.808,1.808,1.829,1.745,1.751,1.816,1.809,1.758,1.709,1.754,,1.775,1.884,1.911,1.813,1.803,2.062,
Dec-2004,1.792,1.807,1.782,1.783,1.762,1.807,1.773,1.756,1.722,1.832,1.859,,1.888,1.936,1.86,1.71,1.778,1.781,1.745,1.663,1.691,1.712,1.739,1.644,1.651,1.688,1.515,1.541,1.575,1.765,1.7,1.635,1.89,
Jan-2005,1.808,1.821,1.787,1.79,1.748,1.823,1.752,1.758,1.729,1.854,1.851,,1.894,1.947,1.879,1.741,1.791,1.791,1.809,1.674,1.673,1.716,1.754,1.629,1.693,1.671,,1.512,1.49,1.795,1.683,1.684,1.925,
Feb-2005,1.846,1.852,1.821,1.81,1.802,1.863,1.788,1.773,1.743,1.882,1.872,,1.907,1.979,1.906,1.77,1.808,1.814,1.819,1.736,1.717,1.754,1.817,1.681,1.761,1.722,,1.823,1.887,1.971,1.767,1.961,2.234,
Mar-2005,1.94,1.942,1.905,1.882,1.865,1.962,1.853,1.854,1.835,1.977,1.936,,1.999,2.092,2.005,1.857,1.913,1.907,1.926,1.864,1.891,1.88,1.914,1.797,1.889,1.866,,1.984,2.046,2.15,1.924,2.11,2.436,
Apr-2005,1.967,1.967,1.943,1.911,1.914,2.016,1.88,1.863,1.864,1.995,1.968,,2.04,2.102,2.021,1.875,1.911,1.894,1.906,1.847,,1.907,1.921,1.829,1.81,1.869,,2.002,2.055,2.229,2.043,2.206,2.48,
May-2005,1.916,1.92,1.906,1.918,1.862,1.96,1.822,1.873,1.832,1.945,1.917,,1.955,2.033,1.999,1.829,1.827,1.823,1.855,1.808,1.834,1.798,1.912,1.802,1.755,1.857,,1.835,1.857,2.06,2.013,2.016,2.302,
Jun-2005,1.988,1.997,1.988,1.969,1.999,2.028,1.923,1.932,1.968,2.026,1.984,,1.997,2.069,2.086,1.914,1.888,1.881,1.884,1.874,1.834,1.9,1.973,1.877,1.877,1.904,,1.883,1.938,2.028,1.999,2.001,2.216,
Jul-2005,2.042,2.055,2.081,2.043,2.095,2.129,2.019,,2.102,2.054,2.07,,2.074,2.146,2.106,1.962,1.966,1.951,1.967,1.935,1.952,2.009,2.016,1.944,1.939,1.984,,1.984,2.115,2.078,2.025,,,
Aug-2005,2.184,2.184,2.205,2.219,2.184,2.232,2.127,2.193,2.203,2.176,2.169,,2.226,2.256,2.207,2.107,2.156,2.167,2.108,2.121,2.078,2.17,2.169,2.161,2.121,2.151,,2.264,2.499,2.363,2.18,,2.618,
Sep-2005,2.423,2.415,2.367,2.376,2.358,2.371,2.348,2.376,2.355,2.447,2.463,,2.489,2.527,2.469,2.37,2.448,2.473,2.375,2.395,2.359,2.419,2.476,2.395,2.415,2.393,,2.603,2.761,2.591,2.425,2.59,2.806,
Oct-2005,2.443,2.417,2.382,2.376,2.342,2.413,2.338,2.396,2.357,2.427,2.469,,2.508,2.547,2.436,2.326,,2.526,2.434,,2.636,,,2.556,2.55,,,2.622,,2.64,2.501,,2.83,
Nov-2005,2.321,2.318,2.285,2.285,2.235,2.315,2.222,2.309,2.278,2.352,2.316,,2.423,2.421,2.396,2.227,2.301,2.29,2.207,2.321,2.376,2.433,2.385,2.247,2.303,2.369,,2.42,2.533,2.398,2.297,2.348,2.613,
Dec-2005,2.312,2.322,2.282,2.287,2.22,2.311,2.213,2.327,2.283,2.365,2.358,,2.407,2.426,2.408,2.25,2.259,2.265,2.242,2.204,2.274,2.279,2.246,2.126,2.201,2.24,,2.136,2.182,2.301,2.195,2.197,2.482,
Jan-2006,2.334,2.348,2.305,2.295,2.247,2.35,2.22,2.345,2.297,2.39,2.384,,2.431,2.471,2.426,2.267,2.308,2.339,2.271,2.172,2.215,2.224,2.227,2.105,2.19,2.192,,2.111,2.179,2.32,2.183,2.204,2.496,
Feb-2006,2.312,2.323,2.283,2.291,2.238,2.309,2.204,2.314,2.278,2.362,2.347,,2.43,2.436,2.405,2.235,2.279,2.306,2.244,2.177,2.212,2.217,2.24,2.122,2.191,2.191,,2.198,2.224,2.355,2.23,2.183,2.537,
Mar-2006,2.353,2.358,2.319,2.344,2.261,2.346,2.21,2.366,2.298,2.397,2.384,,2.428,2.47,2.433,2.27,2.283,2.316,2.265,2.237,2.252,2.28,2.291,2.197,2.249,2.248,,2.257,2.281,2.494,2.249,2.376,2.728,
Apr-2006,2.427,2.427,2.396,2.384,2.327,2.457,2.29,2.439,2.367,2.466,2.418,,2.485,2.546,2.509,2.335,2.335,2.337,2.334,2.359,2.373,2.381,2.416,2.306,2.372,2.373,,2.381,2.422,2.583,2.341,2.519,2.765,
May-2006,2.468,2.461,2.444,2.421,2.364,2.514,2.358,2.483,2.405,2.492,2.445,,2.245,2.564,2.58,2.367,2.369,2.372,2.339,2.444,2.467,2.464,2.494,2.418,2.408,2.467,,2.589,2.701,2.743,2.604,2.725,2.987,
Jun-2006,2.457,2.448,2.458,2.449,2.437,2.486,2.399,2.462,2.476,2.468,2.464,,2.143,2.579,2.538,2.387,2.319,2.324,2.303,2.467,2.503,2.495,2.496,2.514,2.397,2.467,,2.593,2.674,2.644,2.61,,2.914,
Jul-2006,2.46,2.442,2.456,2.447,2.437,2.462,2.421,2.474,2.559,2.459,2.406,,2.187,2.557,2.567,2.348,2.332,2.324,2.35,2.57,2.512,2.569,2.58,2.653,2.409,2.582,,2.561,2.662,2.599,2.581,2.622,2.872,
Aug-2006,2.499,2.471,2.479,2.491,2.431,2.48,2.449,2.464,2.605,2.492,2.405,,2.223,2.617,2.587,2.396,2.364,2.326,2.419,2.661,2.628,2.649,2.659,2.767,2.48,2.688,,2.843,2.974,2.709,2.663,2.821,2.93,
Sep-2006,2.383,2.388,2.386,2.437,2.344,2.356,2.396,2.327,2.543,2.418,2.343,,2.469,2.49,2.487,2.278,2.228,2.198,2.202,2.296,2.308,2.275,2.346,2.329,2.228,2.329,,2.503,2.697,2.534,2.613,2.393,2.74,
Oct-2006,2.302,2.313,2.311,2.357,2.262,2.272,2.31,2.279,2.524,2.346,2.294,,2.378,2.373,2.412,2.223,2.147,2.13,2.157,2.23,2.276,2.272,2.287,2.218,2.173,2.261,,2.281,2.358,2.339,2.281,2.251,2.48,
Nov-2006,2.343,2.342,2.33,2.388,2.276,2.285,2.314,2.312,2.531,2.382,2.353,,2.42,2.388,2.438,2.28,2.153,2.141,2.209,2.289,2.332,2.328,2.355,2.297,2.199,2.321,,2.374,2.432,2.515,2.242,2.549,2.703,
Dec-2006,2.38,2.378,2.364,2.402,2.335,2.327,2.343,2.343,2.566,2.422,2.427,,2.449,2.477,2.472,2.31,2.179,2.155,2.234,2.305,2.368,2.364,2.384,2.282,2.22,2.35,,2.493,2.579,2.636,2.357,2.593,2.846,
Jan-2007,2.311,2.319,2.328,2.384,2.295,2.277,2.345,2.269,2.526,2.342,2.346,,2.403,2.362,2.386,2.247,2.116,2.114,2.129,2.159,2.217,2.182,2.211,2.169,2.092,2.199,,2.248,2.284,2.483,2.26,2.309,2.627,
Feb-2007,2.391,2.403,2.388,2.424,2.347,2.37,2.326,2.367,2.575,2.449,2.477,,2.469,2.472,2.497,2.347,2.147,2.141,2.233,2.236,2.223,2.284,2.272,2.248,2.216,2.24,,2.221,2.249,2.444,2.209,2.243,2.627,
Mar-2007,2.449,2.453,2.441,2.463,2.397,2.425,2.423,2.425,2.593,2.479,2.496,,2.513,2.532,2.516,2.37,2.27,2.268,2.299,2.379,2.364,2.426,2.473,2.415,2.318,2.391,,2.393,2.417,2.458,2.24,2.282,2.7,
Apr-2007,2.48,2.478,2.472,2.498,2.437,2.456,2.444,2.476,2.606,2.499,2.466,,2.517,2.561,2.548,2.39,2.271,2.244,2.292,2.483,2.468,2.555,2.584,2.517,2.364,2.542,,2.621,2.541,2.517,2.381,2.315,2.812,
May-2007,2.48,2.48,2.466,2.505,2.417,2.458,2.425,2.472,2.571,2.521,2.456,,2.562,2.566,2.571,2.417,2.271,2.238,2.283,2.457,2.397,2.46,2.476,2.519,2.3,2.495,,2.548,,2.527,2.449,2.374,2.824,
Jun-2007,2.492,2.494,2.465,2.518,2.413,2.462,2.397,2.476,2.531,2.548,,,2.554,2.538,2.631,2.415,2.345,2.327,2.362,2.49,2.433,2.467,2.456,2.499,2.382,2.517,,2.455,2.53,2.47,2.477,,2.744,
Jul-2007,2.549,2.551,2.535,2.562,2.476,2.569,2.392,2.551,2.589,2.592,2.464,,2.587,2.586,2.691,2.428,2.389,2.366,2.412,2.559,2.52,2.552,2.542,2.586,2.441,2.548,,2.53,2.579,2.504,2.527,,2.753,
Aug-2007,2.509,2.496,2.503,2.509,2.509,2.516,2.39,2.523,2.557,2.514,2.451,,2.588,2.582,2.605,2.381,2.385,2.362,2.409,2.605,2.562,2.585,2.573,2.626,2.477,2.617,,2.533,2.573,2.546,2.563,,2.762,
Sep-2007,2.609,2.599,2.591,2.613,2.582,2.598,2.494,2.637,2.626,2.621,2.526,,2.661,2.678,2.696,2.494,2.526,2.456,2.535,2.69,2.589,2.637,2.668,2.734,2.573,2.718,,2.663,2.636,2.616,2.558,2.507,2.846,
Oct-2007,2.759,2.742,2.727,2.769,2.721,2.726,2.648,2.76,2.698,2.76,2.707,,2.83,2.812,2.828,2.616,2.706,2.663,2.667,2.797,2.75,2.808,2.801,2.826,2.735,2.814,,2.888,2.87,3.009,2.763,2.98,3.215,
Nov-2007,3.04,3.028,2.999,3.013,2.931,3.032,2.893,3.081,2.937,3.059,3.028,,3.124,3.168,3.091,2.946,2.998,2.955,3.003,3.095,3.075,3.133,3.103,3.05,3.087,3.103,,3.173,3.213,3.271,3.032,3.195,3.459,
Dec-2007,3.098,3.101,3.068,3.055,2.999,3.111,3.014,3.135,3.024,3.135,3.2,,3.221,3.261,3.155,3.009,3.034,3.002,3.062,3.05,3.039,3.096,3.04,2.964,3.07,3.069,,3.072,3.025,3.191,3.011,3.045,3.357,
Jan-2008,3.138,3.147,3.105,3.091,3.046,3.136,3.051,3.173,3.095,3.187,3.228,,3.264,3.325,3.218,3.057,3.083,3.064,3.115,3.035,3.005,3.063,3.046,2.971,3.046,3.039,,2.961,2.96,3.148,3.013,2.993,3.291,
Feb-2008,3.181,3.184,3.139,3.123,3.05,3.193,3.05,3.202,3.105,3.226,3.26,,3.311,3.351,3.258,3.097,3.153,3.148,3.163,3.135,3.1,3.123,3.169,3.111,3.184,3.114,,3.036,3.057,3.269,3.084,3.115,3.398,
Mar-2008,3.475,3.468,3.422,3.362,3.309,3.525,3.311,3.495,3.371,3.513,3.548,,3.545,3.69,3.521,3.403,3.45,3.406,3.479,3.527,3.574,3.453,3.591,3.528,3.548,3.512,,3.435,3.487,3.621,3.377,3.495,3.823,
Apr-2008,3.626,3.614,3.586,3.494,3.49,3.701,3.474,3.662,3.575,3.644,3.626,,3.672,3.855,3.649,3.553,3.58,3.528,3.639,3.692,3.685,3.643,3.702,3.713,3.726,3.657,,3.638,3.755,3.762,3.658,3.74,4.043,
May-2008,3.921,3.911,3.882,3.806,3.763,3.977,3.843,3.927,3.913,3.934,3.903,,4.029,4.135,3.934,3.851,3.955,3.848,3.916,3.979,4.05,4.091,4,3.997,4.076,3.956,,3.824,3.998,3.983,3.999,3.991,4.32,
Jun-2008,4.204,4.209,4.222,4.113,4.197,4.293,4.257,4.176,4.252,4.201,4.231,,4.246,4.472,4.164,4.164,4.187,4.126,4.252,4.146,,4.274,4.214,4.171,4.175,,,3.979,4.178,4.229,4.309,4.237,4.545,
Jul-2008,4.296,4.32,4.321,4.194,4.29,4.359,4.427,4.287,4.484,4.336,4.345,,4.414,4.554,4.289,4.326,4.24,4.123,4.306,4.118,4.011,4.264,4.178,4.163,4.147,3.993,,,4.216,4.294,4.465,4.293,4.525,
Aug-2008,3.866,3.884,3.931,,3.957,3.892,4.048,3.842,4.176,3.852,3.898,,4.087,4.023,3.889,,3.837,3.764,3.863,3.745,,3.797,3.738,3.794,3.794,3.666,,3.779,3.844,3.857,4.221,3.836,4.124,
Sep-2008,3.667,3.675,3.686,3.681,3.757,3.628,3.768,3.575,3.939,3.668,3.624,,3.828,3.761,3.718,3.573,3.655,3.558,3.566,3.632,3.6,3.688,3.652,3.658,3.67,3.601,,3.534,3.582,3.596,3.897,3.552,3.824,
Oct-2008,3.169,3.188,3.165,3.199,3.228,3.067,3.318,3,3.502,3.205,3.148,,3.297,3.198,3.295,3.103,3.202,3.158,3.162,3.058,3.039,3.098,3.079,3.098,3.019,3.086,2.528,3.108,3.127,3.043,,3.007,3.279,
Nov-2008,2.779,2.812,2.78,2.886,2.795,2.646,2.857,2.735,3.137,2.849,2.677,,2.894,2.727,2.962,2.757,2.706,2.668,2.688,2.517,2.514,2.526,2.485,2.582,2.509,2.52,,2.448,2.45,2.472,2.622,2.402,2.841,
Dec-2008,2.45,2.491,2.483,2.613,2.513,2.339,2.559,2.408,2.802,2.511,2.441,,2.55,2.381,2.589,2.449,2.372,2.35,2.333,2.08,2.129,2.118,2.079,2.072,2.081,2.111,,1.926,1.878,2.083,2.226,1.902,2.284,
Jan-2009,2.426,2.462,2.472,2.576,2.506,2.356,2.537,2.346,2.774,2.476,2.428,,2.47,2.389,2.543,2.427,2.259,2.225,2.329,2.006,2.069,2.062,1.991,1.974,2.041,2.004,,1.856,1.879,2.167,2.16,1.939,2.388,
Feb-2009,2.309,2.343,2.343,2.429,2.404,2.226,2.426,2.209,2.693,2.362,2.31,,2.407,2.288,2.447,2.268,2.167,2.145,2.188,1.859,1.869,1.912,1.866,1.813,1.888,1.854,,1.785,1.762,2.093,,1.819,2.253,
Mar-2009,2.21,2.25,2.26,2.362,2.237,2.166,2.283,2.127,2.545,2.26,2.253,,2.275,2.166,2.334,2.202,2.031,1.999,2.042,1.773,1.836,1.822,1.806,1.735,1.826,1.781,,1.667,1.674,1.926,1.946,1.727,2.124,
Apr-2009,2.211,2.243,2.25,2.314,2.25,2.192,2.246,2.143,2.437,2.26,2.267,,2.263,2.187,2.338,2.177,1.976,,2.035,1.854,1.983,1.922,1.81,1.89,1.917,1.87,,1.878,1.863,2.113,2.14,1.986,2.414,
May-2009,2.167,2.2,2.188,2.225,2.175,2.142,2.151,2.169,2.37,2.239,2.253,,2.224,2.187,2.3,2.19,1.896,1.824,2.008,1.895,,1.972,1.807,1.872,1.941,1.975,,1.864,1.878,2.132,2.256,2.05,2.473,
Jun-2009,2.307,2.325,2.35,2.413,2.295,2.371,2.201,2.385,2.376,2.34,2.289,,2.32,2.381,2.428,2.211,2.07,2.037,2.119,2.137,2.06,2.176,2.095,2.156,2.18,2.2,,1.981,2.148,2.345,2.506,2.278,2.544,
Jul-2009,2.219,2.236,2.244,2.354,2.268,2.312,2.077,2.285,2.324,2.246,2.253,,2.307,2.322,2.291,2.137,2.129,2.055,2.122,2.084,,2.181,1.964,2.092,2.103,2.166,,2.085,2.123,2.209,2.362,2.149,2.335,
Aug-2009,2.369,2.39,2.412,2.49,2.35,2.432,2.243,2.454,2.378,2.409,2.34,,2.397,2.454,2.523,2.257,2.225,2.14,2.217,2.239,2.147,2.321,2.153,2.297,2.279,2.284,,2.105,2.158,2.403,2.554,2.326,2.489,
Sep-2009,2.334,2.343,2.354,2.349,2.333,2.386,2.272,2.357,2.403,2.356,2.309,,2.396,2.437,2.455,2.196,2.212,2.118,2.253,2.205,,2.318,2.179,2.232,2.205,2.262,,2.206,2.273,2.463,,2.357,2.658,
Oct-2009,2.458,2.47,2.466,2.516,2.391,2.47,2.373,2.537,2.484,2.485,2.505,,2.561,2.541,2.574,2.315,2.381,2.322,2.397,2.325,2.386,2.391,2.336,2.301,2.364,2.331,,2.321,2.333,2.595,,2.469,2.737,
Nov-2009,2.608,2.626,2.598,2.645,2.461,2.619,2.484,2.685,2.604,2.668,2.683,,2.707,2.71,2.747,2.52,2.497,2.408,2.504,2.441,2.483,2.52,2.485,2.388,2.479,2.421,,2.425,2.459,2.664,,2.551,2.871,
Dec-2009,2.628,2.643,2.619,2.665,2.486,2.634,2.523,2.718,2.64,2.674,2.724,,2.763,2.731,2.733,2.536,2.56,2.495,2.496,2.436,2.427,2.507,2.447,2.394,2.493,2.395,,2.368,2.354,2.689,,2.475,2.83,
Jan-2010,2.763,2.781,2.734,2.764,2.583,2.762,2.611,2.856,2.753,2.833,2.878,,2.861,2.928,2.893,2.692,2.657,2.594,2.681,2.518,2.526,2.565,2.526,2.505,2.572,2.466,,2.393,2.392,2.769,,2.583,2.918,
Feb-2010,2.658,2.745,2.696,2.73,2.536,2.729,2.6,2.777,2.705,2.809,2.857,,2.833,2.871,2.845,2.697,2.602,2.561,2.714,2.432,2.516,2.51,2.501,,2.533,2.421,2.417,2.357,2.412,2.774,2.79,2.536,2.817,
Mar-2010,2.757,2.77,2.743,2.758,2.56,2.795,2.632,2.8,2.747,2.817,2.988,,2.894,2.929,2.801,2.755,2.594,2.587,2.712,2.542,2.66,2.614,2.64,2.58,2.585,2.537,,2.439,2.569,2.874,2.884,2.664,2.924,
Apr-2010,2.787,2.796,2.785,2.815,2.565,2.868,2.651,2.959,2.771,2.836,,,2.858,2.946,2.845,2.752,2.585,,2.676,2.625,2.777,2.679,2.731,2.668,2.566,2.64,,2.658,2.747,3.014,2.965,2.817,3.105,
May-2010,2.723,2.731,2.719,2.736,2.511,2.811,2.636,2.921,2.71,2.77,2.853,,2.808,2.873,2.781,2.68,2.524,2.435,2.583,2.57,2.783,,2.669,2.581,2.574,2.567,,2.591,2.675,2.981,2.958,2.685,3.053,
Jun-2010,2.623,2.637,2.66,2.705,2.479,2.716,2.574,2.829,2.649,2.667,2.695,,2.705,2.747,2.691,2.561,2.397,2.356,2.501,2.48,,2.482,2.505,2.557,2.436,2.478,,2.403,,2.86,2.891,2.653,2.892,
Jul-2010,2.584,2.598,2.617,2.653,2.478,2.656,2.532,2.728,2.614,2.623,2.655,,2.636,2.715,2.651,2.519,2.418,2.345,2.499,2.459,2.582,2.51,2.481,2.466,2.436,2.508,,2.494,2.54,2.79,2.878,,,
Aug-2010,2.597,2.608,2.605,2.634,2.469,2.651,2.513,2.735,2.619,2.638,2.617,,2.669,2.701,2.668,2.543,2.502,2.351,2.547,2.501,,2.55,2.508,2.559,2.511,2.514,,2.498,2.598,2.821,2.901,2.625,2.757,
Sep-2010,2.641,2.649,2.64,2.647,2.539,2.686,2.543,2.745,2.657,2.688,2.678,,2.692,2.754,2.721,2.583,2.534,2.397,2.577,2.557,2.732,2.607,2.596,2.596,2.554,2.562,,2.591,2.676,2.944,2.944,2.76,,
Oct-2010,2.795,2.799,2.798,2.822,2.677,2.86,2.642,2.942,2.784,2.832,2.847,,2.822,2.912,2.848,2.759,2.628,2.567,2.72,2.692,,2.701,2.734,2.719,2.695,2.702,2.702,2.753,2.853,3.068,3.041,2.871,3.174,
Nov-2010,2.926,2.929,2.917,2.946,2.774,2.969,2.772,3.044,2.924,2.965,,,2.985,3.077,2.969,2.892,2.754,2.754,2.834,2.817,2.915,2.864,2.83,2.866,2.802,2.788,,2.905,2.937,3.116,3.07,2.935,3.195,
Dec-2010,3.089,3.098,3.072,3.106,2.91,3.126,2.904,3.197,3.032,3.146,3.223,,3.195,3.278,3.147,3.061,2.913,2.92,3.024,2.921,3.03,2.979,2.933,2.965,2.923,2.894,,2.937,2.98,3.186,3.134,2.991,3.242,
Jan-2011,3.251,3.264,3.25,3.268,3.071,3.313,3.102,3.368,3.186,3.3,3.431,,3.377,3.458,3.281,3.237,3.077,3.093,3.204,3.033,3.098,3.109,3.041,3.031,3.039,3.008,,2.95,3.005,3.273,3.21,3.079,3.35,
Feb-2011,3.409,3.421,3.424,3.477,3.188,3.493,3.269,3.536,3.33,3.444,3.56,,3.508,3.624,3.428,3.369,3.199,3.222,3.365,3.181,3.286,3.246,3.196,3.184,3.189,3.169,,3.083,3.173,3.459,3.366,3.295,3.537,
Mar-2011,,,,,,,,,,,,,,,,,,,,,,,,,,,,,,,,,,
Apr-2011,,,,,,,,,,,,,,,,,,,,,,,,,,,,,,,,,,
May-2011,,,,,,,,,,,,,,,,,,,,,,,,,,,,,,,,,,
Jun-2011,,,,,,,,,,,,,,,,,,,,,,,,,,,,,,,,,,
Jul-2011,,,,,,,,,,,,,,,,,,,,,,,,,,,,,,,,,,
Aug-2011,,,,,,,,,,,,,,,,,,,,,,,,,,,,,,,,,,
Sep-2011,,,,,,,,,,,,,,,,,,,,,,,,,,,,,,,,,,
Oct-2011,,,,,,,,,,,,,,,,,,,,,,,,,,,,,,,,,,
Nov-2011,,,,,,,,,,,,,,,,,,,,,,,,,,,,,,,,,,
Dec-2011,,,,,,,,,,,,,,,,,,,,,,,,,,,,,,,,,,
Jan-2012,,,,,,,,,,,,,,,,,,,,,,,,,,,,,,,,,,
Feb-2012,,,,,,,,,,,,,,,,,,,,,,,,,,,,,,,,,,
Mar-2012,,,,,,,,,,,,,,,,,,,,,,,,,,,,,,,,,,
Apr-2012,,,,,,,,,,,,,,,,,,,,,,,,,,,,,,,,,,
May-2012,,,,,,,,,,,,,,,,,,,,,,,,,,,,,,,,,,
Jun-2012,,,,,,,,,,,,,,,,,,,,,,,,,,,,,,,,,,
Jul-2012,,,,,,,,,,,,,,,,,,,,,,,,,,,,,,,,,,
Aug-2012,,,,,,,,,,,,,,,,,,,,,,,,,,,,,,,,,,
Sep-2012,,,,,,,,,,,,,,,,,,,,,,,,,,,,,,,,,,
Oct-2012,,,,,,,,,,,,,,,,,,,,,,,,,,,,,,,,,,
Nov-2012,,,,,,,,,,,,,,,,,,,,,,,,,,,,,,,,,,
Dec-2012,,,,,,,,,,,,,,,,,,,,,,,,,,,,,,,,,,
Jan-2013,,,,,,,,,,,,,,,,,,,,,,,,,,,,,,,,,,
Feb-2013,,,,,,,,,,,,,,,,,,,,,,,,,,,,,,,,,,
Mar-2013,,,,,,,,,,,,,,,,,,,,,,,,,,,,,,,,,,
Apr-2013,,,,,,,,,,,,,,,,,,,,,,,,,,,,,,,,,,
May-2013,,,,,,,,,,,,,,,,,,,,,,,,,,,,,,,,,,
Jun-2013,,,,,,,,,,,,,,,,,,,,,,,,,,,,,,,,,,
Jul-2013,,,,,,,,,,,,,,,,,,,,,,,,,,,,,,,,,,
Aug-2013,,,,,,,,,,,,,,,,,,,,,,,,,,,,,,,,,,
Sep-2013,,,,,,,,,,,,,,,,,,,,,,,,,,,,,,,,,,
Oct-2013,,,,,,,,,,,,,,,,,,,,,,,,,,,,,,,,,,
Nov-2013,,,,,,,,,,,,,,,,,,,,,,,,,,,,,,,,,,
Dec-2013,,,,,,,,,,,,,,,,,,,,,,,,,,,,,,,,,,
Jan-2014,,,,,,,,,,,,,,,,,,,,,,,,,,,,,,,,,,
Feb-2014,,,,,,,,,,,,,,,,,,,,,,,,,,,,,,,,,,
Mar-2014,,,,,,,,,,,,,,,,,,,,,,,,,,,,,,,,,,
Apr-2014,,,,,,,,,,,,,,,,,,,,,,,,,,,,,,,,,,
May-2014,,,,,,,,,,,,,,,,,,,,,,,,,,,,,,,,,,
Jun-2014,,,,,,,,,,,,,,,,,,,,,,,,,,,,,,,,,,
Jul-2014,,,,,,,,,,,,,,,,,,,,,,,,,,,,,,,,,,
Aug-2014,,,,,,,,,,,,,,,,,,,,,,,,,,,,,,,,,,
Sep-2014,,,,,,,,,,,,,,,,,,,,,,,,,,,,,,,,,,
Oct-2014,,,,,,,,,,,,,,,,,,,,,,,,,,,,,,,,,,
Nov-2014,,,,,,,,,,,,,,,,,,,,,,,,,,,,,,,,,,
Dec-2014,,,,,,,,,,,,,,,,,,,,,,,,,,,,,,,,,,
Jan-2015,,,,,,,,,,,,,,,,,,,,,,,,,,,,,,,,,,
Feb-2015,,,,,,,,,,,,,,,,,,,,,,,,,,,,,,,,,,
Mar-2015,,,,,,,,,,,,,,,,,,,,,,,,,,,,,,,,,,
Apr-2015,,,,,,,,,,,,,,,,,,,,,,,,,,,,,,,,,,
May-2015,,,,,,,,,,,,,,,,,,,,,,,,,,,,,,,,,,
Jun-2015,,,,,,,,,,,,,,,,,,,,,,,,,,,,,,,,,,
Jul-2015,,,,,,,,,,,,,,,,,,,,,,,,,,,,,,,,,,
Aug-2015,,,,,,,,,,,,,,,,,,,,,,,,,,,,,,,,,,
Sep-2015,,,,,,,,,,,,,,,,,,,,,,,,,,,,,,,,,,
Oct-2015,,,,,,,,,,,,,,,,,,,,,,,,,,,,,,,,,,
Nov-2015,,,,,,,,,,,,,,,,,,,,,,,,,,,,,,,,,,
Dec-2015,,,,,,,,,,,,,,,,,,,,,,,,,,,,,,,,,,
Jan-2016,,,,,,,,,,,,,,,,,,,,,,,,,,,,,,,,,,
Feb-2016,,,,,,,,,,,,,,,,,,,,,,,,,,,,,,,,,,
Mar-2016,,,,,,,,,,,,,,,,,,,,,,,,,,,,,,,,,,
Apr-2016,,,,,,,,,,,,,,,,,,,,,,,,,,,,,,,,,,
May-2016,,,,,,,,,,,,,,,,,,,,,,,,,,,,,,,,,,
Jun-2016,,,,,,,,,,,,,,,,,,,,,,,,,,,,,,,,,,
Jul-2016,,,,,,,,,,,,,,,,,,,,,,,,,,,,,,,,,,
Aug-2016,,,,,,,,,,,,,,,,,,,,,,,,,,,,,,,,,,
Sep-2016,,,,,,,,,,,,,,,,,,,,,,,,,,,,,,,,,,
Oct-2016,,,,,,,,,,,,,,,,,,,,,,,,,,,,,,,,,,
Nov-2016,,,,,,,,,,,,,,,,,,,,,,,,,,,,,,,,,,
Dec-2016,,,,,,,,,,,,,,,,,,,,,,,,,,,,,,,,,,
Jan-2017,,,,,,,,,,,,,,,,,,,,,,,,,,,,,,,,,,
Feb-2017,,,,,,,,,,,,,,,,,,,,,,,,,,,,,,,,,,
Mar-2017,,,,,,,,,,,,,,,,,,,,,,,,,,,,,,,,,,
Apr-2017,,,,,,,,,,,,,,,,,,,,,,,,,,,,,,,,,,
May-2017,,,,,,,,,,,,,,,,,,,,,,,,,,,,,,,,,,
Jun-2017,,,,,,,,,,,,,,,,,,,,,,,,,,,,,,,,,,
Jul-2017,,,,,,,,,,,,,,,,,,,,,,,,,,,,,,,,,,
Aug-2017,,,,,,,,,,,,,,,,,,,,,,,,,,,,,,,,,,
Sep-2017,,,,,,,,,,,,,,,,,,,,,,,,,,,,,,,,,,
Oct-2017,,,,,,,,,,,,,,,,,,,,,,,,,,,,,,,,,,
Nov-2017,,,,,,,,,,,,,,,,,,,,,,,,,,,,,,,,,,
Dec-2017,,,,,,,,,,,,,,,,,,,,,,,,,,,,,,,,,,
Jan-2018,,,,,,,,,,,,,,,,,,,,,,,,,,,,,,,,,,
Feb-2018,,,,,,,,,,,,,,,,,,,,,,,,,,,,,,,,,,
Mar-2018,,,,,,,,,,,,,,,,,,,,,,,,,,,,,,,,,,
Apr-2018,,,,,,,,,,,,,,,,,,,,,,,,,,,,,,,,,,
May-2018,,,,,,,,,,,,,,,,,,,,,,,,,,,,,,,,,,
Jun-2018,,,,,,,,,,,,,,,,,,,,,,,,,,,,,,,,,,
Jul-2018,,,,,,,,,,,,,,,,,,,,,,,,,,,,,,,,,,
Aug-2018,,,,,,,,,,,,,,,,,,,,,,,,,,,,,,,,,,
Sep-2018,,,,,,,,,,,,,,,,,,,,,,,,,,,,,,,,,,
Oct-2018,,,,,,,,,,,,,,,,,,,,,,,,,,,,,,,,,,
Nov-2018,,,,,,,,,,,,,,,,,,,,,,,,,,,,,,,,,,
Dec-2018,,,,,,,,,,,,,,,,,,,,,,,,,,,,,,,,,,
Jan-2019,,,,,,,,,,,,,,,,,,,,,,,,,,,,,,,,,,
Feb-2019,,,,,,,,,,,,,,,,,,,,,,,,,,,,,,,,,,
Mar-2019,,,,,,,,,,,,,,,,,,,,,,,,,,,,,,,,,,
Apr-2019,,,,,,,,,,,,,,,,,,,,,,,,,,,,,,,,,,
May-2019,,,,,,,,,,,,,,,,,,,,,,,,,,,,,,,,,,
Jun-2019,,,,,,,,,,,,,,,,,,,,,,,,,,,,,,,,,,
Jul-2019,,,,,,,,,,,,,,,,,,,,,,,,,,,,,,,,,,
Aug-2019,,,,,,,,,,,,,,,,,,,,,,,,,,,,,,,,,,
Sep-2019,,,,,,,,,,,,,,,,,,,,,,,,,,,,,,,,,,
Oct-2019,,,,,,,,,,,,,,,,,,,,,,,,,,,,,,,,,,
,,,,,,,,,,,,,,,,,,,,,,,,,,,,,,,,,,
